GDAY_DS,T_ID,VS_T_ID,TB_SC,AB,RBI,RUN,HIT,H2,H3,HR,SB,BB,KK,GD,ERR,LOB
200721,HH,HT,B,29.0,2.0,2.0,3.0,0.0,0.0,1.0,0.0,3.0,7.0,1.0,3.0,3.0
200721,OB,WO,B,31.0,6.0,6.0,7.0,2.0,1.0,1.0,2.0,1.0,6.0,0.0,0.0,2.0
200721,SS,NC,T,36.0,5.0,5.0,9.0,0.0,0.0,1.0,3.0,4.0,7.0,2.0,0.0,6.0
200721,NC,SS,B,38.0,6.0,6.0,13.0,3.0,0.0,3.0,0.0,3.0,7.0,0.0,0.0,8.0
200721,LT,SK,T,35.0,7.0,7.0,10.0,1.0,0.0,1.0,1.0,5.0,4.0,1.0,0.0,6.0
200721,WO,OB,T,35.0,1.0,1.0,9.0,1.0,0.0,0.0,0.0,1.0,9.0,0.0,0.0,8.0
200721,LG,KT,T,38.0,9.0,9.0,13.0,4.0,0.0,2.0,0.0,6.0,7.0,1.0,0.0,8.0
200721,KT,LG,B,34.0,10.0,10.0,12.0,0.0,0.0,3.0,1.0,4.0,7.0,1.0,1.0,5.0
200721,HT,HH,T,41.0,9.0,10.0,16.0,2.0,0.0,2.0,0.0,9.0,8.0,2.0,0.0,13.0
200721,SK,LT,B,34.0,8.0,8.0,13.0,1.0,0.0,3.0,2.0,4.0,6.0,1.0,0.0,7.0
200722,HH,HT,B,29.0,1.0,1.0,4.0,1.0,0.0,0.0,0.0,5.0,14.0,1.0,1.0,7.0
200722,HT,HH,T,30.0,2.0,2.0,5.0,0.0,0.0,0.0,0.0,4.0,10.0,0.0,0.0,8.0
200724,SK,HH,T,34.0,7.0,7.0,8.0,1.0,0.0,3.0,1.0,5.0,13.0,0.0,0.0,6.0
200724,WO,LT,B,31.0,2.0,2.0,6.0,2.0,0.0,1.0,1.0,2.0,12.0,1.0,0.0,5.0
200724,LT,WO,T,33.0,3.0,4.0,9.0,1.0,0.0,0.0,2.0,6.0,8.0,1.0,0.0,9.0
200724,KT,NC,B,33.0,1.0,2.0,6.0,1.0,0.0,1.0,2.0,6.0,10.0,0.0,0.0,10.0
200724,NC,KT,T,32.0,3.0,3.0,7.0,2.0,0.0,1.0,1.0,3.0,11.0,0.0,2.0,7.0
200724,HH,SK,B,29.0,3.0,4.0,5.0,0.0,0.0,0.0,1.0,7.0,11.0,1.0,0.0,5.0
200724,LG,OB,T,40.0,8.0,8.0,15.0,2.0,1.0,2.0,1.0,6.0,3.0,1.0,0.0,11.0
200724,OB,LG,B,31.0,1.0,1.0,8.0,3.0,0.0,0.0,1.0,4.0,4.0,2.0,1.0,7.0
200725,KT,NC,B,29.0,6.0,6.0,8.0,4.0,0.0,1.0,0.0,4.0,9.0,2.0,0.0,3.0
200725,HT,SS,B,31.0,8.0,8.0,11.0,2.0,0.0,0.0,0.0,3.0,9.0,1.0,0.0,5.0
200725,SS,HT,T,32.0,2.0,2.0,7.0,1.0,0.0,0.0,1.0,6.0,10.0,0.0,0.0,9.0
200725,OB,LG,B,31.0,7.0,7.0,10.0,4.0,0.0,1.0,0.0,2.0,6.0,0.0,1.0,3.0
200725,LG,OB,T,35.0,2.0,3.0,10.0,3.0,0.0,0.0,0.0,1.0,8.0,3.0,0.0,6.0
200725,WO,LT,B,27.0,3.0,3.0,3.0,1.0,0.0,0.0,0.0,7.0,8.0,1.0,1.0,6.0
200725,LT,WO,T,35.0,6.0,6.0,9.0,2.0,0.0,0.0,0.0,5.0,11.0,0.0,0.0,7.0
200725,NC,KT,T,31.0,2.0,2.0,6.0,0.0,0.0,0.0,0.0,4.0,3.0,0.0,0.0,7.0
200726,SS,HT,T,36.0,5.0,5.0,12.0,4.0,0.0,1.0,1.0,4.0,4.0,0.0,1.0,11.0
200726,HT,SS,B,37.0,6.0,8.0,12.0,2.0,1.0,0.0,0.0,4.0,5.0,0.0,0.0,9.0
200726,HH,SK,B,34.0,4.0,4.0,8.0,2.0,0.0,1.0,0.0,4.0,8.0,1.0,0.0,7.0
200726,NC,KT,T,32.0,4.0,4.0,7.0,1.0,0.0,2.0,1.0,1.0,7.0,1.0,3.0,3.0
200726,KT,NC,B,34.0,5.0,5.0,8.0,0.0,0.0,3.0,2.0,2.0,8.0,1.0,0.0,7.0
200726,LT,WO,T,34.0,1.0,1.0,8.0,3.0,0.0,0.0,1.0,3.0,4.0,2.0,0.0,9.0
200726,WO,LT,B,35.0,8.0,8.0,13.0,4.0,0.0,0.0,0.0,5.0,5.0,1.0,1.0,8.0
200726,LG,OB,T,33.0,4.0,4.0,7.0,0.0,1.0,0.0,2.0,2.0,8.0,1.0,0.0,5.0
200726,OB,LG,B,32.0,3.0,3.0,8.0,2.0,0.0,1.0,0.0,7.0,5.0,1.0,2.0,10.0
200726,SK,HH,T,35.0,7.0,7.0,10.0,2.0,0.0,0.0,1.0,7.0,5.0,1.0,0.0,8.0
200727,SK,HH,T,32.0,5.0,5.0,10.0,3.0,0.0,1.0,1.0,4.0,5.0,3.0,1.0,5.0
200727,HH,SK,B,29.0,5.0,5.0,5.0,3.0,0.0,0.0,1.0,5.0,5.0,2.0,0.0,3.0
200728,OB,WO,B,36.0,2.0,2.0,9.0,2.0,0.0,1.0,0.0,2.0,4.0,0.0,1.0,9.0
200728,NC,LT,T,42.0,8.0,9.0,17.0,3.0,0.0,2.0,2.0,4.0,7.0,1.0,0.0,10.0
200728,LT,NC,B,36.0,11.0,11.0,14.0,3.0,0.0,2.0,0.0,8.0,6.0,1.0,1.0,9.0
200728,LG,SK,T,49.0,23.0,24.0,23.0,3.0,1.0,6.0,0.0,9.0,6.0,1.0,0.0,7.0
200728,SK,LG,B,34.0,7.0,7.0,8.0,3.0,0.0,2.0,0.0,7.0,10.0,1.0,0.0,7.0
200728,WO,OB,T,34.0,5.0,6.0,8.0,2.0,0.0,1.0,0.0,7.0,6.0,0.0,0.0,10.0
200729,HH,SS,T,44.0,8.0,12.0,18.0,1.0,0.0,1.0,0.0,4.0,7.0,1.0,0.0,10.0
200729,SK,LG,B,40.0,6.0,6.0,14.0,1.0,0.0,4.0,2.0,4.0,5.0,0.0,1.0,11.0
200729,LG,SK,T,36.0,11.0,11.0,13.0,0.0,0.0,3.0,1.0,9.0,7.0,2.0,0.0,7.0
200729,SS,HH,B,34.0,7.0,7.0,9.0,1.0,0.0,2.0,1.0,10.0,7.0,1.0,3.0,10.0
200730,OB,WO,B,36.0,5.0,5.0,10.0,0.0,0.0,2.0,2.0,4.0,8.0,0.0,0.0,9.0
200730,LG,SK,T,39.0,9.0,9.0,13.0,3.0,0.0,1.0,1.0,6.0,6.0,1.0,0.0,9.0
200730,SK,LG,B,30.0,1.0,1.0,4.0,3.0,0.0,0.0,0.0,4.0,8.0,0.0,0.0,6.0
200730,KT,HT,T,31.0,4.0,4.0,11.0,2.0,0.0,0.0,1.0,5.0,6.0,1.0,1.0,7.0
200730,HT,KT,B,33.0,1.0,1.0,8.0,3.0,0.0,0.0,0.0,2.0,8.0,1.0,1.0,8.0
200730,HH,SS,T,37.0,1.0,1.0,3.0,0.0,0.0,0.0,0.0,6.0,12.0,0.0,1.0,9.0
200730,SS,HH,B,36.0,1.0,2.0,6.0,2.0,0.0,0.0,3.0,8.0,12.0,0.0,1.0,12.0
200730,WO,OB,T,34.0,8.0,8.0,13.0,2.0,0.0,1.0,2.0,4.0,2.0,2.0,0.0,4.0
200731,WO,SS,T,36.0,9.0,10.0,10.0,2.0,0.0,3.0,1.0,6.0,7.0,1.0,0.0,5.0
200731,LG,HH,B,29.0,1.0,1.0,4.0,2.0,0.0,0.0,0.0,2.0,9.0,0.0,0.0,3.0
200731,SK,KT,T,31.0,1.0,1.0,4.0,0.0,0.0,1.0,0.0,5.0,5.0,1.0,0.0,8.0
200731,KT,SK,B,39.0,11.0,11.0,16.0,3.0,0.0,4.0,0.0,3.0,8.0,0.0,2.0,7.0
200731,HH,LG,T,34.0,2.0,2.0,10.0,1.0,0.0,0.0,0.0,2.0,4.0,0.0,0.0,8.0
200731,LT,HT,B,33.0,1.0,2.0,6.0,2.0,0.0,0.0,0.0,3.0,5.0,3.0,1.0,7.0
200731,HT,LT,T,34.0,2.0,3.0,8.0,1.0,0.0,0.0,0.0,4.0,10.0,1.0,3.0,8.0
200731,NC,OB,B,37.0,10.0,10.0,14.0,4.0,0.0,1.0,2.0,5.0,7.0,1.0,1.0,8.0
200731,OB,NC,T,39.0,7.0,7.0,14.0,2.0,0.0,1.0,2.0,4.0,8.0,1.0,0.0,10.0
200731,SS,WO,B,35.0,3.0,3.0,8.0,1.0,0.0,0.0,0.0,5.0,5.0,0.0,1.0,10.0
200801,WO,SS,T,48.0,21.0,22.0,23.0,7.0,0.0,1.0,1.0,12.0,6.0,0.0,1.0,13.0
200801,LG,HH,B,39.0,9.0,9.0,15.0,3.0,0.0,0.0,0.0,2.0,7.0,0.0,0.0,8.0
200801,SK,KT,T,32.0,0.0,0.0,6.0,1.0,0.0,0.0,0.0,2.0,5.0,1.0,1.0,7.0
200801,KT,SK,B,36.0,10.0,11.0,13.0,1.0,1.0,3.0,0.0,5.0,2.0,2.0,0.0,6.0
200801,OB,NC,T,45.0,12.0,12.0,17.0,2.0,1.0,0.0,2.0,4.0,9.0,1.0,1.0,9.0
200801,NC,OB,B,45.0,10.0,10.0,15.0,4.0,0.0,2.0,2.0,7.0,8.0,0.0,1.0,12.0
200801,HT,LT,T,34.0,3.0,3.0,9.0,2.0,0.0,1.0,0.0,2.0,9.0,1.0,3.0,6.0
200801,LT,HT,B,31.0,6.0,7.0,10.0,3.0,0.0,2.0,0.0,5.0,3.0,2.0,0.0,6.0
200801,HH,LG,T,34.0,6.0,6.0,8.0,2.0,0.0,1.0,1.0,6.0,8.0,0.0,2.0,7.0
200801,SS,WO,B,34.0,7.0,7.0,8.0,4.0,0.0,0.0,0.0,6.0,8.0,0.0,1.0,6.0
200802,HT,LT,T,30.0,0.0,0.0,4.0,2.0,0.0,0.0,0.0,2.0,10.0,1.0,2.0,5.0
200802,NC,OB,B,42.0,4.0,4.0,8.0,1.0,0.0,2.0,0.0,5.0,10.0,1.0,1.0,7.0
200802,OB,NC,T,48.0,7.0,7.0,15.0,5.0,0.0,0.0,2.0,2.0,8.0,2.0,0.0,8.0
200802,SS,WO,B,39.0,2.0,2.0,10.0,1.0,0.0,1.0,1.0,2.0,8.0,0.0,1.0,9.0
200802,WO,SS,T,38.0,4.0,4.0,10.0,2.0,0.0,0.0,0.0,2.0,4.0,2.0,1.0,7.0
200802,LT,HT,B,34.0,8.0,8.0,11.0,4.0,0.0,0.0,0.0,4.0,6.0,2.0,0.0,7.0
200804,KT,WO,T,32.0,3.0,4.0,11.0,1.0,0.0,0.0,1.0,4.0,9.0,3.0,0.0,7.0
200804,OB,SS,B,36.0,3.0,3.0,9.0,1.0,0.0,1.0,0.0,1.0,4.0,0.0,0.0,7.0
200804,SK,LT,B,31.0,0.0,0.0,6.0,1.0,0.0,0.0,0.0,2.0,6.0,1.0,0.0,6.0
200804,LG,HT,T,41.0,15.0,15.0,16.0,1.0,2.0,3.0,0.0,6.0,9.0,1.0,1.0,5.0
200804,HT,LG,B,36.0,5.0,5.0,8.0,1.0,0.0,1.0,0.0,4.0,10.0,0.0,0.0,8.0
200804,SS,OB,T,34.0,5.0,6.0,7.0,2.0,0.0,1.0,1.0,7.0,10.0,0.0,1.0,8.0
200804,WO,KT,B,34.0,2.0,2.0,10.0,0.0,0.0,1.0,0.0,3.0,7.0,2.0,1.0,9.0
200804,LT,SK,T,41.0,8.0,8.0,15.0,3.0,0.0,1.0,0.0,5.0,2.0,1.0,0.0,11.0
200805,WO,KT,B,40.0,12.0,12.0,15.0,2.0,0.0,1.0,0.0,6.0,7.0,0.0,2.0,10.0
200805,KT,WO,T,34.0,3.0,3.0,10.0,1.0,0.0,1.0,0.0,2.0,3.0,1.0,2.0,6.0
200805,HT,LG,B,35.0,4.0,4.0,9.0,1.0,0.0,0.0,1.0,2.0,11.0,0.0,0.0,7.0
200805,LG,HT,T,35.0,6.0,6.0,11.0,3.0,0.0,2.0,0.0,5.0,10.0,2.0,0.0,8.0
200805,HH,NC,B,33.0,6.0,8.0,12.0,2.0,0.0,1.0,0.0,7.0,5.0,2.0,0.0,11.0
200805,NC,HH,T,30.0,5.0,5.0,6.0,0.0,1.0,0.0,0.0,11.0,4.0,1.0,2.0,11.0
200805,SS,OB,T,34.0,2.0,2.0,12.0,2.0,0.0,0.0,1.0,4.0,4.0,1.0,3.0,13.0
200805,OB,SS,B,28.0,2.0,2.0,4.0,0.0,0.0,0.0,1.0,4.0,4.0,0.0,1.0,6.0
200806,WO,KT,B,28.0,3.0,3.0,7.0,2.0,0.0,1.0,1.0,5.0,4.0,1.0,1.0,8.0
200806,SS,OB,T,38.0,2.0,2.0,11.0,0.0,0.0,0.0,3.0,2.0,7.0,0.0,1.0,11.0
200806,NC,HH,T,32.0,4.0,4.0,8.0,1.0,0.0,2.0,0.0,7.0,4.0,1.0,0.0,8.0
200806,HH,NC,B,29.0,1.0,1.0,5.0,0.0,0.0,0.0,0.0,4.0,6.0,1.0,0.0,6.0
200806,LT,SK,T,33.0,8.0,8.0,6.0,0.0,0.0,2.0,0.0,6.0,6.0,0.0,0.0,4.0
200806,SK,LT,B,33.0,2.0,2.0,8.0,1.0,0.0,1.0,0.0,1.0,8.0,1.0,1.0,6.0
200806,LG,HT,T,28.0,1.0,1.0,4.0,0.0,0.0,0.0,0.0,1.0,7.0,0.0,0.0,2.0
200806,HT,LG,B,35.0,13.0,13.0,12.0,3.0,0.0,4.0,2.0,7.0,8.0,1.0,0.0,5.0
200806,KT,WO,T,32.0,2.0,2.0,4.0,1.0,0.0,1.0,1.0,2.0,9.0,0.0,0.0,5.0
200806,OB,SS,B,31.0,5.0,5.0,7.0,1.0,1.0,0.0,0.0,4.0,7.0,0.0,0.0,7.0
200807,WO,LG,B,32.0,2.0,2.0,6.0,2.0,0.0,0.0,0.0,5.0,8.0,0.0,3.0,9.0
200807,OB,LT,B,35.0,4.0,4.0,11.0,1.0,0.0,0.0,2.0,1.0,2.0,1.0,2.0,7.0
200807,LT,OB,T,39.0,7.0,8.0,12.0,2.0,0.0,2.0,0.0,9.0,6.0,1.0,0.0,14.0
200807,SK,SS,B,32.0,0.0,0.0,4.0,1.0,0.0,0.0,0.0,2.0,7.0,0.0,1.0,7.0
200807,SS,SK,T,29.0,2.0,2.0,6.0,1.0,0.0,1.0,2.0,6.0,7.0,1.0,1.0,7.0
200807,LG,WO,T,36.0,5.0,5.0,10.0,0.0,1.0,1.0,0.0,2.0,10.0,1.0,0.0,7.0
200808,LG,WO,T,32.0,1.0,1.0,8.0,2.0,0.0,1.0,0.0,3.0,4.0,0.0,0.0,7.0
200808,SK,SS,B,19.0,2.0,4.0,3.0,2.0,1.0,0.0,0.0,3.0,0.0,0.0,1.0,3.0
200808,NC,HT,T,31.0,2.0,2.0,6.0,1.0,2.0,0.0,2.0,9.0,6.0,1.0,0.0,11.0
200808,HT,NC,B,28.0,3.0,3.0,4.0,1.0,0.0,1.0,0.0,0.0,9.0,0.0,0.0,1.0
200808,SS,SK,T,17.0,2.0,2.0,5.0,1.0,0.0,1.0,0.0,1.0,1.0,0.0,1.0,2.0
200808,LT,OB,T,22.0,1.0,1.0,6.0,1.0,0.0,0.0,0.0,1.0,6.0,1.0,0.0,5.0
200808,OB,LT,B,16.0,1.0,1.0,3.0,0.0,0.0,1.0,0.0,0.0,0.0,2.0,0.0,0.0
200808,WO,LG,B,32.0,5.0,5.0,9.0,1.0,0.0,1.0,1.0,3.0,7.0,1.0,0.0,6.0
200809,HH,KT,B,34.0,2.0,3.0,8.0,1.0,0.0,1.0,0.0,3.0,12.0,1.0,0.0,8.0
200809,KT,HH,T,37.0,6.0,6.0,12.0,5.0,0.0,1.0,0.0,5.0,9.0,1.0,1.0,9.0
200809,WO,LG,B,28.0,1.0,2.0,7.0,0.0,0.0,0.0,2.0,4.0,6.0,2.0,0.0,8.0
200809,LG,WO,T,30.0,1.0,1.0,4.0,2.0,0.0,1.0,0.0,1.0,8.0,1.0,3.0,3.0
200809,HT,NC,B,32.0,1.0,1.0,4.0,0.0,0.0,0.0,0.0,9.0,7.0,0.0,0.0,13.0
200809,NC,HT,T,39.0,7.0,8.0,14.0,2.0,1.0,1.0,0.0,6.0,8.0,2.0,1.0,10.0
200811,HH,WO,T,44.0,7.0,7.0,10.0,1.0,0.0,1.0,0.0,8.0,10.0,0.0,1.0,12.0
200811,LG,HT,B,36.0,4.0,4.0,9.0,2.0,0.0,1.0,0.0,1.0,11.0,0.0,1.0,6.0
200811,SK,KT,T,30.0,0.0,1.0,4.0,0.0,0.0,0.0,0.0,4.0,8.0,2.0,0.0,6.0
200811,OB,SS,T,33.0,6.0,6.0,9.0,1.0,0.0,1.0,0.0,6.0,4.0,2.0,0.0,6.0
200811,WO,HH,B,45.0,5.0,5.0,12.0,1.0,0.0,1.0,2.0,8.0,13.0,0.0,2.0,15.0
200811,SS,OB,B,34.0,1.0,1.0,8.0,0.0,0.0,1.0,0.0,2.0,5.0,1.0,0.0,8.0
200811,KT,SK,B,31.0,6.0,6.0,11.0,2.0,0.0,1.0,0.0,6.0,8.0,2.0,2.0,8.0
200811,HT,LG,T,35.0,8.0,8.0,11.0,3.0,0.0,0.0,0.0,7.0,3.0,1.0,0.0,8.0
200812,WO,HH,B,30.0,3.0,3.0,9.0,2.0,0.0,1.0,1.0,7.0,3.0,3.0,0.0,8.0
200812,HH,WO,T,34.0,2.0,2.0,4.0,1.0,0.0,1.0,1.0,4.0,8.0,0.0,0.0,6.0
200812,LG,HT,B,34.0,8.0,8.0,12.0,5.0,0.0,0.0,1.0,3.0,9.0,2.0,0.0,5.0
200812,HT,LG,T,29.0,0.0,0.0,2.0,0.0,0.0,0.0,0.0,6.0,14.0,0.0,0.0,8.0
200812,LT,NC,B,33.0,8.0,8.0,13.0,3.0,0.0,1.0,0.0,6.0,4.0,1.0,0.0,9.0
200812,NC,LT,T,35.0,4.0,4.0,9.0,1.0,0.0,0.0,0.0,5.0,8.0,0.0,0.0,10.0
200812,SS,OB,B,42.0,7.0,8.0,16.0,4.0,0.0,2.0,0.0,1.0,6.0,1.0,2.0,8.0
200812,OB,SS,T,45.0,14.0,15.0,24.0,2.0,0.0,2.0,0.0,3.0,2.0,3.0,1.0,8.0
200812,KT,SK,B,27.0,1.0,2.0,2.0,1.0,0.0,0.0,0.0,3.0,3.0,2.0,1.0,1.0
200812,SK,KT,T,36.0,11.0,11.0,12.0,3.0,0.0,1.0,1.0,10.0,5.0,1.0,1.0,8.0
200813,SK,KT,T,41.0,10.0,10.0,16.0,1.0,0.0,1.0,0.0,4.0,5.0,0.0,0.0,10.0
200813,KT,SK,B,36.0,5.0,6.0,10.0,2.0,0.0,1.0,1.0,11.0,17.0,1.0,1.0,15.0
200813,OB,SS,T,28.0,2.0,2.0,4.0,0.0,0.0,1.0,1.0,9.0,11.0,1.0,0.0,10.0
200813,SS,OB,B,33.0,3.0,3.0,9.0,1.0,0.0,2.0,1.0,5.0,5.0,0.0,1.0,11.0
200813,NC,LT,T,39.0,8.0,9.0,14.0,1.0,0.0,1.0,0.0,4.0,7.0,1.0,1.0,7.0
200813,HH,WO,T,32.0,3.0,3.0,9.0,0.0,0.0,0.0,0.0,6.0,10.0,2.0,1.0,9.0
200813,HT,LG,T,32.0,1.0,2.0,5.0,1.0,0.0,1.0,1.0,1.0,8.0,0.0,1.0,4.0
200813,LG,HT,B,29.0,4.0,4.0,8.0,1.0,0.0,2.0,0.0,5.0,6.0,0.0,1.0,7.0
200813,WO,HH,B,31.0,6.0,6.0,11.0,1.0,1.0,1.0,1.0,3.0,4.0,1.0,0.0,6.0
200813,LT,NC,B,33.0,2.0,2.0,7.0,1.0,0.0,0.0,0.0,0.0,6.0,1.0,0.0,4.0
200814,SS,HH,T,41.0,10.0,10.0,15.0,4.0,0.0,1.0,2.0,3.0,6.0,1.0,0.0,7.0
200814,WO,LT,T,32.0,1.0,1.0,5.0,2.0,0.0,0.0,0.0,3.0,7.0,1.0,0.0,7.0
200814,LT,WO,B,31.0,5.0,5.0,11.0,2.0,0.0,0.0,0.0,5.0,6.0,0.0,1.0,9.0
200814,HH,SS,B,29.0,1.0,1.0,4.0,1.0,0.0,0.0,0.0,3.0,7.0,1.0,0.0,5.0
200814,SK,HT,T,31.0,6.0,6.0,12.0,1.0,0.0,0.0,3.0,9.0,6.0,2.0,1.0,10.0
200814,LG,NC,T,43.0,10.0,10.0,18.0,2.0,1.0,4.0,0.0,5.0,6.0,1.0,1.0,12.0
200814,NC,LG,B,36.0,4.0,4.0,8.0,3.0,0.0,0.0,1.0,4.0,13.0,0.0,0.0,9.0
200814,KT,OB,T,47.0,4.0,5.0,12.0,3.0,0.0,0.0,2.0,1.0,7.0,0.0,0.0,8.0
200814,OB,KT,B,45.0,3.0,3.0,10.0,0.0,0.0,2.0,2.0,8.0,9.0,1.0,1.0,14.0
200814,HT,SK,B,31.0,6.0,7.0,7.0,2.0,0.0,1.0,0.0,9.0,3.0,0.0,1.0,8.0
200815,NC,LG,B,34.0,4.0,4.0,10.0,0.0,0.0,2.0,0.0,3.0,13.0,1.0,0.0,7.0
200815,OB,KT,B,38.0,7.0,7.0,13.0,1.0,0.0,1.0,3.0,3.0,3.0,1.0,1.0,8.0
200815,KT,OB,T,34.0,4.0,5.0,7.0,2.0,1.0,1.0,1.0,7.0,8.0,0.0,1.0,9.0
200815,LG,NC,T,40.0,11.0,13.0,15.0,4.0,0.0,2.0,0.0,4.0,9.0,0.0,0.0,5.0
200815,HT,SK,B,41.0,10.0,10.0,17.0,2.0,1.0,1.0,0.0,3.0,5.0,0.0,0.0,10.0
200815,SK,HT,T,33.0,3.0,3.0,9.0,2.0,0.0,0.0,0.0,3.0,1.0,2.0,0.0,6.0
200815,HH,SS,B,30.0,0.0,0.0,7.0,0.0,0.0,0.0,1.0,5.0,7.0,1.0,0.0,8.0
200815,SS,HH,T,29.0,2.0,2.0,3.0,0.0,0.0,1.0,0.0,4.0,11.0,0.0,1.0,5.0
200815,LT,WO,B,35.0,1.0,1.0,7.0,0.0,0.0,0.0,0.0,1.0,6.0,1.0,0.0,8.0
200815,WO,LT,T,34.0,3.0,3.0,9.0,4.0,0.0,0.0,0.0,2.0,4.0,1.0,3.0,6.0
200816,OB,KT,B,28.0,1.0,1.0,3.0,1.0,0.0,0.0,1.0,7.0,6.0,2.0,1.0,7.0
200816,HT,SK,B,38.0,7.0,8.0,15.0,2.0,0.0,1.0,0.0,3.0,10.0,0.0,0.0,9.0
200816,NC,LG,B,34.0,5.0,5.0,9.0,5.0,0.0,0.0,0.0,3.0,6.0,2.0,1.0,5.0
200816,LG,NC,T,32.0,6.0,6.0,7.0,0.0,0.0,2.0,0.0,8.0,3.0,1.0,0.0,8.0
200816,SK,HT,T,34.0,5.0,5.0,7.0,2.0,0.0,0.0,0.0,7.0,13.0,0.0,0.0,9.0
200816,HH,SS,B,26.0,3.0,3.0,2.0,1.0,0.0,0.0,0.0,5.0,4.0,1.0,0.0,4.0
200816,SS,HH,T,32.0,2.0,2.0,5.0,1.0,0.0,2.0,1.0,2.0,9.0,0.0,1.0,5.0
200816,LT,WO,B,30.0,3.0,3.0,6.0,1.0,0.0,0.0,3.0,5.0,5.0,3.0,0.0,6.0
200816,WO,LT,T,35.0,5.0,6.0,9.0,5.0,0.0,1.0,1.0,5.0,4.0,0.0,1.0,8.0
200816,KT,OB,T,35.0,4.0,4.0,11.0,5.0,0.0,0.0,1.0,3.0,5.0,1.0,0.0,10.0
200818,SK,HH,B,31.0,8.0,9.0,8.0,2.0,0.0,2.0,0.0,7.0,4.0,0.0,0.0,7.0
200818,SS,KT,B,32.0,2.0,3.0,6.0,3.0,0.0,0.0,0.0,4.0,6.0,1.0,1.0,7.0
200818,LG,HT,B,37.0,6.0,6.0,12.0,1.0,0.0,2.0,1.0,2.0,13.0,2.0,0.0,6.0
200818,WO,NC,T,34.0,1.0,1.0,7.0,0.0,0.0,0.0,1.0,1.0,6.0,0.0,0.0,7.0
200818,NC,WO,B,27.0,5.0,5.0,7.0,3.0,0.0,1.0,0.0,3.0,4.0,1.0,0.0,3.0
200818,OB,LT,T,43.0,7.0,9.0,16.0,2.0,0.0,0.0,1.0,5.0,10.0,0.0,1.0,14.0
200818,HH,SK,T,32.0,3.0,3.0,6.0,2.0,0.0,0.0,0.0,11.0,16.0,0.0,1.0,13.0
200818,KT,SS,T,33.0,5.0,6.0,9.0,1.0,0.0,1.0,0.0,8.0,7.0,0.0,2.0,9.0
200818,HT,LG,T,40.0,5.0,5.0,11.0,2.0,0.0,0.0,0.0,5.0,8.0,0.0,1.0,11.0
200818,LT,OB,B,34.0,2.0,2.0,6.0,0.0,1.0,1.0,0.0,2.0,7.0,0.0,4.0,7.0
200819,WO,NC,T,35.0,6.0,6.0,8.0,3.0,0.0,1.0,1.0,5.0,5.0,1.0,3.0,7.0
200819,NC,WO,B,36.0,4.0,4.0,7.0,1.0,0.0,1.0,0.0,4.0,7.0,0.0,1.0,9.0
200819,OB,LT,T,28.0,3.0,3.0,6.0,0.0,0.0,1.0,0.0,5.0,6.0,3.0,1.0,3.0
200819,LT,OB,B,31.0,6.0,7.0,10.0,3.0,0.0,0.0,4.0,1.0,3.0,1.0,1.0,4.0
200819,KT,SS,T,31.0,6.0,6.0,6.0,1.0,0.0,1.0,0.0,5.0,8.0,1.0,1.0,4.0
200819,HT,LG,T,34.0,1.0,1.0,8.0,0.0,0.0,0.0,0.0,2.0,9.0,1.0,2.0,8.0
200819,HH,SK,T,40.0,5.0,6.0,12.0,2.0,0.0,2.0,0.0,3.0,8.0,0.0,1.0,10.0
200819,SK,HH,B,46.0,26.0,26.0,22.0,4.0,0.0,6.0,0.0,11.0,4.0,0.0,2.0,7.0
200819,SS,KT,B,34.0,4.0,4.0,11.0,0.0,0.0,0.0,0.0,2.0,7.0,3.0,1.0,7.0
200819,LG,HT,B,34.0,9.0,10.0,12.0,2.0,2.0,1.0,1.0,10.0,3.0,2.0,0.0,11.0
200820,LT,OB,T,36.0,6.0,6.0,11.0,2.0,1.0,1.0,2.0,7.0,7.0,1.0,0.0,11.0
200820,SK,SS,B,35.0,3.0,3.0,11.0,0.0,0.0,2.0,0.0,4.0,6.0,2.0,3.0,10.0
200820,NC,HT,T,45.0,13.0,14.0,21.0,3.0,0.0,1.0,3.0,3.0,6.0,0.0,1.0,10.0
200820,HT,NC,B,33.0,1.0,2.0,5.0,0.0,0.0,0.0,0.0,6.0,10.0,0.0,1.0,10.0
200820,LG,WO,T,36.0,5.0,5.0,9.0,1.0,0.0,1.0,1.0,2.0,9.0,1.0,1.0,6.0
200820,WO,LG,B,31.0,6.0,6.0,8.0,2.0,0.0,0.0,2.0,7.0,6.0,1.0,2.0,9.0
200820,OB,LT,B,40.0,5.0,5.0,14.0,4.0,0.0,0.0,0.0,3.0,10.0,1.0,0.0,11.0
200820,SS,SK,T,35.0,7.0,8.0,9.0,2.0,0.0,0.0,2.0,6.0,9.0,1.0,0.0,7.0
200820,KT,HH,T,31.0,3.0,3.0,6.0,0.0,0.0,1.0,3.0,4.0,5.0,1.0,0.0,6.0
200820,HH,KT,B,29.0,0.0,0.0,2.0,0.0,0.0,0.0,0.0,5.0,9.0,0.0,0.0,7.0
200821,HH,KT,B,35.0,5.0,5.0,11.0,2.0,0.0,1.0,0.0,2.0,6.0,1.0,0.0,8.0
200821,KT,HH,T,30.0,1.0,1.0,4.0,0.0,0.0,1.0,0.0,5.0,12.0,1.0,1.0,7.0
200821,WO,LG,B,33.0,3.0,3.0,6.0,0.0,0.0,1.0,1.0,3.0,6.0,0.0,0.0,6.0
200821,LG,WO,T,36.0,7.0,7.0,10.0,1.0,1.0,2.0,1.0,6.0,6.0,0.0,0.0,8.0
200821,OB,LT,B,31.0,1.0,1.0,5.0,0.0,0.0,0.0,0.0,4.0,6.0,0.0,2.0,9.0
200821,LT,OB,T,31.0,0.0,0.0,3.0,1.0,0.0,0.0,2.0,2.0,8.0,0.0,1.0,6.0
200821,HT,NC,B,34.0,4.0,4.0,9.0,0.0,0.0,2.0,1.0,3.0,5.0,0.0,2.0,7.0
200821,SK,SS,B,32.0,8.0,8.0,12.0,2.0,0.0,0.0,0.0,8.0,2.0,0.0,2.0,11.0
200821,NC,HT,T,38.0,7.0,10.0,10.0,5.0,0.0,1.0,0.0,4.0,10.0,0.0,0.0,6.0
200821,SS,SK,T,37.0,6.0,6.0,11.0,1.0,1.0,2.0,0.0,9.0,8.0,1.0,0.0,14.0
200822,WO,HT,B,32.0,4.0,4.0,10.0,1.0,0.0,1.0,1.0,5.0,6.0,2.0,1.0,9.0
200822,HT,WO,T,34.0,3.0,3.0,7.0,0.0,0.0,0.0,2.0,3.0,10.0,0.0,1.0,7.0
200822,SS,LT,B,35.0,3.0,3.0,10.0,1.0,0.0,0.0,3.0,2.0,5.0,1.0,1.0,8.0
200822,LT,SS,T,39.0,4.0,5.0,13.0,2.0,0.0,1.0,1.0,2.0,5.0,0.0,1.0,10.0
200822,SK,OB,B,36.0,1.0,1.0,9.0,2.0,0.0,1.0,0.0,5.0,7.0,0.0,1.0,13.0
200822,OB,SK,T,39.0,6.0,8.0,12.0,1.0,0.0,2.0,2.0,5.0,9.0,0.0,0.0,9.0
200823,HH,LG,T,31.0,4.0,4.0,6.0,1.0,0.0,1.0,0.0,4.0,6.0,0.0,0.0,5.0
200823,WO,HT,B,37.0,5.0,7.0,13.0,2.0,1.0,0.0,1.0,3.0,9.0,1.0,0.0,7.0
200823,HT,WO,T,36.0,8.0,8.0,11.0,0.0,0.0,3.0,0.0,3.0,9.0,0.0,0.0,6.0
200823,SS,LT,B,31.0,0.0,0.0,4.0,0.0,0.0,0.0,0.0,4.0,7.0,0.0,1.0,8.0
200823,LT,SS,T,37.0,10.0,11.0,10.0,2.0,0.0,3.0,1.0,6.0,7.0,0.0,0.0,5.0
200823,KT,NC,B,34.0,10.0,10.0,13.0,2.0,0.0,3.0,0.0,8.0,6.0,1.0,0.0,8.0
200823,NC,KT,T,35.0,1.0,1.0,9.0,2.0,0.0,0.0,0.0,5.0,7.0,1.0,0.0,12.0
200823,SK,OB,B,34.0,1.0,1.0,9.0,1.0,1.0,0.0,0.0,5.0,7.0,0.0,1.0,12.0
200823,OB,SK,T,35.0,8.0,8.0,9.0,0.0,0.0,3.0,3.0,9.0,4.0,0.0,0.0,10.0
200823,LG,HH,B,30.0,3.0,3.0,6.0,1.0,0.0,0.0,0.0,7.0,8.0,3.0,1.0,7.0
200824,HH,LG,T,38.0,5.0,6.0,14.0,1.0,2.0,0.0,0.0,3.0,7.0,0.0,2.0,13.0
200824,LG,HH,B,32.0,3.0,3.0,5.0,1.0,0.0,0.0,1.0,5.0,6.0,1.0,1.0,7.0
200824,KT,NC,B,37.0,8.0,8.0,14.0,1.0,0.0,1.0,1.0,4.0,9.0,0.0,0.0,9.0
200824,NC,KT,T,34.0,1.0,1.0,8.0,0.0,0.0,0.0,1.0,3.0,4.0,1.0,0.0,9.0
200825,WO,KT,T,36.0,3.0,4.0,10.0,0.0,0.0,0.0,2.0,7.0,6.0,0.0,0.0,13.0
200825,KT,WO,B,32.0,1.0,1.0,5.0,2.0,0.0,0.0,0.0,1.0,7.0,0.0,3.0,5.0
200825,SK,LT,T,37.0,10.0,10.0,11.0,3.0,0.0,2.0,1.0,9.0,3.0,1.0,2.0,9.0
200825,HT,OB,T,34.0,8.0,8.0,9.0,2.0,0.0,1.0,2.0,11.0,5.0,2.0,1.0,10.0
200825,LG,SS,T,33.0,3.0,3.0,7.0,1.0,0.0,1.0,1.0,7.0,8.0,0.0,0.0,10.0
200825,SS,LG,B,31.0,4.0,4.0,7.0,1.0,0.0,2.0,0.0,0.0,4.0,0.0,1.0,3.0
200825,OB,HT,B,37.0,10.0,10.0,15.0,1.0,0.0,3.0,0.0,5.0,2.0,1.0,1.0,9.0
200825,HH,NC,T,37.0,3.0,3.0,11.0,1.0,1.0,0.0,0.0,6.0,9.0,1.0,0.0,13.0
200825,NC,HH,B,38.0,11.0,11.0,15.0,3.0,0.0,6.0,1.0,2.0,7.0,0.0,0.0,5.0
200825,LT,SK,B,38.0,8.0,8.0,11.0,1.0,0.0,1.0,0.0,4.0,6.0,1.0,1.0,8.0
200826,WO,KT,T,36.0,5.0,5.0,8.0,0.0,1.0,2.0,1.0,3.0,6.0,1.0,1.0,5.0
200826,KT,WO,B,36.0,5.0,6.0,10.0,2.0,0.0,1.0,1.0,7.0,6.0,2.0,0.0,10.0
200826,SK,LT,T,29.0,1.0,1.0,4.0,0.0,0.0,1.0,1.0,2.0,7.0,2.0,0.0,3.0
200826,SS,LG,B,35.0,5.0,5.0,9.0,0.0,0.0,1.0,0.0,2.0,6.0,1.0,0.0,5.0
200826,LG,SS,T,36.0,8.0,8.0,10.0,1.0,0.0,4.0,0.0,3.0,7.0,0.0,1.0,4.0
200826,HT,OB,T,41.0,7.0,7.0,15.0,1.0,0.0,1.0,0.0,4.0,5.0,0.0,1.0,12.0
200826,OB,HT,B,35.0,5.0,5.0,11.0,1.0,0.0,1.0,0.0,6.0,8.0,1.0,0.0,11.0
200826,HH,NC,T,34.0,5.0,5.0,7.0,1.0,0.0,1.0,0.0,5.0,8.0,2.0,2.0,7.0
200826,NC,HH,B,36.0,9.0,9.0,11.0,2.0,0.0,2.0,1.0,4.0,6.0,1.0,2.0,7.0
200826,LT,SK,B,28.0,3.0,3.0,4.0,0.0,0.0,0.0,0.0,9.0,4.0,0.0,0.0,10.0
200827,WO,LT,T,40.0,11.0,11.0,15.0,5.0,0.0,3.0,2.0,4.0,2.0,2.0,0.0,7.0
200827,LT,WO,B,36.0,5.0,6.0,12.0,2.0,0.0,0.0,0.0,6.0,5.0,2.0,2.0,10.0
200827,SS,HH,T,32.0,0.0,0.0,8.0,0.0,0.0,0.0,1.0,1.0,6.0,1.0,0.0,6.0
200827,HH,SS,B,33.0,7.0,7.0,11.0,1.0,1.0,0.0,0.0,4.0,3.0,1.0,1.0,7.0
200827,OB,NC,T,37.0,2.0,2.0,13.0,6.0,0.0,0.0,0.0,2.0,4.0,1.0,1.0,10.0
200827,NC,OB,B,35.0,7.0,8.0,13.0,2.0,1.0,1.0,0.0,5.0,9.0,1.0,0.0,8.0
200827,LG,KT,B,29.0,1.0,2.0,6.0,0.0,1.0,0.0,1.0,2.0,7.0,1.0,0.0,5.0
200827,HT,SK,T,33.0,3.0,4.0,8.0,2.0,0.0,0.0,0.0,3.0,12.0,0.0,1.0,6.0
200827,SK,HT,B,36.0,10.0,10.0,14.0,4.0,0.0,2.0,1.0,3.0,6.0,0.0,0.0,8.0
200827,KT,LG,T,29.0,0.0,0.0,2.0,1.0,0.0,0.0,0.0,6.0,5.0,0.0,1.0,8.0
200828,LT,WO,B,37.0,4.0,4.0,12.0,2.0,0.0,2.0,2.0,3.0,3.0,1.0,1.0,9.0
200828,KT,LG,T,36.0,5.0,5.0,5.0,1.0,0.0,2.0,1.0,4.0,13.0,1.0,0.0,2.0
200828,NC,OB,B,35.0,3.0,4.0,10.0,1.0,1.0,1.0,0.0,4.0,4.0,1.0,1.0,8.0
200828,OB,NC,T,46.0,11.0,11.0,18.0,1.0,0.0,4.0,0.0,6.0,4.0,0.0,0.0,14.0
200828,WO,LT,T,36.0,7.0,8.0,11.0,3.0,0.0,2.0,5.0,7.0,7.0,0.0,0.0,9.0
200828,HT,SK,T,39.0,11.0,11.0,13.0,0.0,0.0,4.0,0.0,4.0,8.0,0.0,1.0,7.0
200828,SK,HT,B,33.0,7.0,8.0,11.0,2.0,2.0,1.0,0.0,9.0,10.0,2.0,1.0,9.0
200828,LG,KT,B,40.0,5.0,6.0,12.0,3.0,0.0,0.0,0.0,5.0,6.0,2.0,0.0,9.0
200829,LG,OB,B,37.0,5.0,5.0,10.0,2.0,0.0,2.0,0.0,1.0,13.0,0.0,0.0,6.0
200829,HH,LT,T,38.0,6.0,7.0,11.0,0.0,1.0,2.0,0.0,2.0,13.0,0.0,0.0,6.0
200829,LT,HH,B,33.0,9.0,9.0,11.0,3.0,0.0,4.0,1.0,6.0,5.0,1.0,1.0,7.0
200829,NC,SK,B,35.0,8.0,9.0,14.0,3.0,0.0,2.0,1.0,4.0,4.0,1.0,0.0,6.0
200829,SK,NC,T,35.0,5.0,5.0,9.0,0.0,0.0,2.0,0.0,2.0,5.0,1.0,2.0,5.0
200829,WO,SS,B,30.0,4.0,4.0,8.0,2.0,0.0,0.0,0.0,3.0,3.0,3.0,1.0,4.0
200829,SS,WO,T,37.0,5.0,5.0,10.0,2.0,0.0,0.0,1.0,2.0,10.0,0.0,0.0,8.0
200829,OB,LG,T,35.0,5.0,5.0,11.0,3.0,0.0,1.0,2.0,3.0,3.0,0.0,0.0,6.0
200830,KT,HT,T,34.0,8.0,8.0,7.0,2.0,0.0,1.0,0.0,11.0,7.0,0.0,1.0,11.0
200830,HT,KT,B,34.0,7.0,7.0,10.0,2.0,0.0,1.0,1.0,4.0,1.0,1.0,2.0,7.0
200830,KT,HT,T,37.0,4.0,5.0,10.0,1.0,1.0,1.0,1.0,3.0,10.0,0.0,2.0,9.0
200830,SS,WO,T,34.0,2.0,2.0,10.0,0.0,0.0,0.0,2.0,1.0,5.0,1.0,1.0,8.0
200830,WO,SS,B,34.0,3.0,3.0,11.0,1.0,1.0,0.0,3.0,3.0,4.0,1.0,0.0,10.0
200830,SK,NC,T,33.0,4.0,4.0,7.0,1.0,0.0,3.0,0.0,3.0,7.0,0.0,1.0,6.0
200830,NC,SK,B,28.0,6.0,7.0,7.0,2.0,1.0,0.0,0.0,8.0,5.0,0.0,0.0,7.0
200830,OB,LG,T,31.0,1.0,1.0,7.0,1.0,0.0,0.0,0.0,1.0,5.0,2.0,1.0,4.0
200830,LG,OB,B,30.0,4.0,4.0,8.0,2.0,0.0,1.0,2.0,6.0,6.0,1.0,0.0,9.0
200830,HH,LT,T,33.0,2.0,2.0,6.0,1.0,0.0,0.0,1.0,2.0,6.0,0.0,1.0,6.0
200830,HT,KT,B,33.0,5.0,5.0,10.0,1.0,0.0,0.0,0.0,4.0,8.0,1.0,3.0,8.0
200830,LT,HH,B,34.0,5.0,6.0,10.0,3.0,0.0,0.0,2.0,3.0,6.0,1.0,1.0,7.0
200901,LT,KT,T,29.0,2.0,2.0,6.0,1.0,0.0,0.0,0.0,6.0,3.0,2.0,1.0,6.0
200901,HT,SS,B,31.0,6.0,6.0,9.0,2.0,0.0,1.0,0.0,9.0,9.0,0.0,1.0,10.0
200901,SS,HT,T,30.0,0.0,0.0,4.0,0.0,0.0,0.0,0.0,1.0,5.0,2.0,1.0,4.0
200901,NC,WO,T,32.0,5.0,5.0,10.0,2.0,0.0,1.0,0.0,4.0,10.0,1.0,0.0,6.0
200901,WO,NC,B,33.0,2.0,2.0,6.0,2.0,0.0,0.0,0.0,2.0,7.0,0.0,1.0,6.0
200901,LG,SK,T,38.0,12.0,13.0,11.0,3.0,0.0,3.0,0.0,9.0,10.0,0.0,0.0,9.0
200901,SK,LG,B,35.0,5.0,5.0,10.0,0.0,0.0,0.0,1.0,6.0,8.0,1.0,2.0,10.0
200901,OB,HH,B,33.0,4.0,4.0,10.0,2.0,0.0,0.0,1.0,2.0,5.0,1.0,0.0,8.0
200901,HH,OB,T,29.0,0.0,0.0,3.0,0.0,0.0,0.0,0.0,0.0,9.0,1.0,1.0,2.0
200901,KT,LT,B,37.0,10.0,11.0,14.0,2.0,0.0,2.0,2.0,3.0,7.0,1.0,0.0,6.0
200902,NC,WO,T,34.0,4.0,4.0,9.0,3.0,0.0,1.0,0.0,4.0,5.0,2.0,1.0,7.0
200902,WO,NC,B,31.0,6.0,6.0,7.0,2.0,0.0,0.0,1.0,10.0,7.0,0.0,0.0,11.0
200903,HH,WO,B,38.0,3.0,5.0,11.0,2.0,0.0,1.0,0.0,6.0,8.0,0.0,0.0,12.0
200903,SK,KT,T,32.0,2.0,2.0,8.0,1.0,0.0,0.0,1.0,5.0,2.0,2.0,0.0,8.0
200903,KT,SK,B,34.0,6.0,6.0,12.0,3.0,0.0,0.0,1.0,4.0,6.0,1.0,0.0,8.0
200903,OB,SS,T,38.0,8.0,10.0,10.0,3.0,1.0,3.0,1.0,3.0,4.0,1.0,3.0,4.0
200903,SS,OB,B,35.0,11.0,11.0,16.0,5.0,1.0,1.0,1.0,4.0,6.0,2.0,2.0,6.0
200903,NC,LG,T,40.0,4.0,5.0,16.0,2.0,0.0,0.0,3.0,3.0,11.0,2.0,2.0,11.0
200903,LG,NC,B,32.0,6.0,6.0,9.0,1.0,0.0,1.0,0.0,2.0,8.0,2.0,2.0,5.0
200903,HT,LT,T,36.0,4.0,4.0,10.0,1.0,0.0,2.0,0.0,1.0,7.0,0.0,0.0,7.0
200903,LT,HT,B,30.0,3.0,3.0,5.0,2.0,0.0,0.0,1.0,3.0,6.0,1.0,0.0,3.0
200903,WO,HH,T,34.0,6.0,6.0,9.0,0.0,0.0,1.0,2.0,5.0,8.0,0.0,2.0,7.0
200904,SS,OB,B,37.0,12.0,12.0,16.0,3.0,0.0,2.0,1.0,9.0,3.0,2.0,0.0,12.0
200904,NC,LG,T,46.0,5.0,5.0,13.0,1.0,0.0,0.0,3.0,7.0,15.0,0.0,2.0,14.0
200904,LG,NC,B,46.0,5.0,5.0,13.0,3.0,1.0,0.0,2.0,9.0,14.0,1.0,1.0,16.0
200904,WO,HH,T,32.0,1.0,1.0,6.0,1.0,0.0,0.0,2.0,4.0,8.0,0.0,1.0,8.0
200904,HH,WO,B,30.0,7.0,7.0,10.0,1.0,0.0,0.0,0.0,7.0,7.0,0.0,0.0,9.0
200904,LT,HT,B,29.0,3.0,3.0,5.0,0.0,0.0,0.0,0.0,6.0,10.0,2.0,2.0,6.0
200904,HT,LT,T,34.0,5.0,6.0,8.0,3.0,0.0,1.0,0.0,4.0,7.0,1.0,0.0,7.0
200904,LT,HT,B,34.0,7.0,9.0,14.0,0.0,0.0,2.0,1.0,3.0,4.0,3.0,0.0,5.0
200904,HT,LT,T,37.0,7.0,7.0,10.0,2.0,0.0,1.0,1.0,3.0,11.0,1.0,0.0,6.0
200904,KT,SK,B,35.0,9.0,10.0,13.0,3.0,0.0,3.0,2.0,3.0,7.0,0.0,0.0,4.0
200904,SK,KT,T,32.0,2.0,2.0,5.0,0.0,0.0,1.0,0.0,3.0,6.0,0.0,1.0,6.0
200904,KT,SK,B,33.0,7.0,7.0,9.0,2.0,0.0,2.0,0.0,9.0,3.0,1.0,0.0,10.0
200904,SK,KT,T,34.0,5.0,5.0,10.0,2.0,0.0,2.0,0.0,0.0,6.0,0.0,0.0,4.0
200904,OB,SS,T,32.0,4.0,5.0,8.0,1.0,0.0,0.0,0.0,5.0,12.0,2.0,1.0,6.0
200905,HT,HH,T,36.0,5.0,5.0,13.0,4.0,0.0,0.0,0.0,6.0,5.0,1.0,1.0,12.0
200905,SK,OB,T,30.0,1.0,1.0,5.0,0.0,0.0,1.0,0.0,2.0,7.0,1.0,0.0,4.0
200905,WO,KT,B,32.0,1.0,1.0,5.0,1.0,0.0,0.0,0.0,0.0,7.0,0.0,1.0,4.0
200905,HH,HT,B,33.0,4.0,4.0,8.0,2.0,0.0,1.0,0.0,3.0,11.0,1.0,0.0,6.0
200905,KT,WO,T,37.0,8.0,8.0,11.0,1.0,0.0,2.0,0.0,6.0,8.0,0.0,0.0,9.0
200905,OB,SK,B,29.0,5.0,5.0,6.0,1.0,0.0,0.0,0.0,9.0,5.0,0.0,0.0,9.0
200906,HH,HT,B,36.0,4.0,4.0,10.0,1.0,0.0,2.0,0.0,0.0,13.0,0.0,1.0,5.0
200906,WO,KT,B,34.0,7.0,7.0,9.0,2.0,0.0,2.0,0.0,4.0,10.0,1.0,1.0,4.0
200906,KT,WO,T,38.0,7.0,8.0,12.0,2.0,0.0,0.0,0.0,5.0,6.0,1.0,0.0,10.0
200906,LT,LG,B,29.0,1.0,1.0,3.0,1.0,0.0,0.0,0.0,4.0,4.0,1.0,2.0,5.0
200906,LG,LT,T,42.0,6.0,7.0,14.0,4.0,0.0,2.0,0.0,1.0,8.0,0.0,1.0,10.0
200906,OB,SK,B,38.0,10.0,10.0,14.0,2.0,0.0,2.0,0.0,5.0,3.0,0.0,1.0,9.0
200906,SK,OB,T,31.0,0.0,0.0,3.0,0.0,0.0,0.0,0.0,2.0,7.0,0.0,1.0,6.0
200906,HT,HH,T,35.0,8.0,8.0,10.0,5.0,0.0,1.0,0.0,4.0,9.0,0.0,0.0,6.0
200906,SS,NC,B,34.0,5.0,5.0,10.0,0.0,0.0,3.0,0.0,3.0,5.0,0.0,0.0,8.0
200906,NC,SS,T,31.0,3.0,3.0,5.0,0.0,0.0,1.0,0.0,2.0,10.0,1.0,0.0,3.0
200907,LT,LG,B,39.0,12.0,12.0,16.0,6.0,0.0,2.0,0.0,6.0,4.0,1.0,1.0,9.0
200907,LG,LT,T,40.0,5.0,6.0,16.0,2.0,0.0,1.0,0.0,3.0,9.0,2.0,0.0,10.0
200908,SK,WO,B,45.0,12.0,15.0,16.0,4.0,0.0,3.0,0.0,5.0,8.0,0.0,0.0,9.0
200908,LT,NC,T,33.0,2.0,2.0,6.0,1.0,0.0,0.0,1.0,5.0,6.0,0.0,1.0,9.0
200908,NC,LT,B,42.0,14.0,14.0,17.0,5.0,0.0,0.0,0.0,4.0,6.0,0.0,0.0,8.0
200908,LG,HT,T,35.0,2.0,2.0,11.0,3.0,1.0,0.0,0.0,8.0,3.0,2.0,1.0,14.0
200908,HT,LG,B,31.0,3.0,3.0,7.0,4.0,0.0,0.0,0.0,3.0,5.0,1.0,0.0,7.0
200908,KT,OB,T,33.0,0.0,0.0,6.0,1.0,0.0,0.0,0.0,5.0,7.0,0.0,0.0,11.0
200908,HH,SS,T,36.0,4.0,4.0,10.0,2.0,0.0,0.0,0.0,3.0,9.0,0.0,1.0,9.0
200908,WO,SK,T,43.0,15.0,16.0,17.0,4.0,0.0,5.0,0.0,6.0,7.0,1.0,4.0,6.0
200908,SS,HH,B,36.0,2.0,2.0,7.0,1.0,0.0,0.0,2.0,3.0,6.0,0.0,0.0,8.0
200908,OB,KT,B,36.0,6.0,8.0,12.0,7.0,0.0,1.0,0.0,3.0,5.0,0.0,1.0,7.0
200909,LT,NC,T,36.0,7.0,7.0,8.0,3.0,0.0,0.0,0.0,10.0,7.0,0.0,2.0,11.0
200909,SK,WO,B,35.0,4.0,4.0,9.0,1.0,0.0,2.0,0.0,2.0,3.0,2.0,4.0,6.0
200909,WO,SK,T,35.0,10.0,13.0,11.0,2.0,0.0,1.0,3.0,16.0,5.0,3.0,1.0,13.0
200909,HH,SS,T,37.0,7.0,7.0,12.0,1.0,0.0,1.0,0.0,6.0,10.0,1.0,1.0,9.0
200909,NC,LT,B,42.0,5.0,5.0,11.0,4.0,1.0,1.0,1.0,5.0,9.0,1.0,0.0,12.0
200909,OB,KT,B,41.0,2.0,2.0,10.0,2.0,0.0,0.0,1.0,3.0,6.0,0.0,2.0,11.0
200909,SS,HH,B,31.0,0.0,0.0,3.0,0.0,0.0,0.0,0.0,4.0,4.0,0.0,0.0,8.0
200909,HH,SS,T,38.0,4.0,4.0,10.0,1.0,0.0,2.0,0.0,3.0,5.0,1.0,0.0,11.0
200909,SS,HH,B,31.0,4.0,4.0,7.0,0.0,0.0,1.0,2.0,4.0,11.0,0.0,3.0,5.0
200909,KT,OB,T,38.0,4.0,4.0,5.0,0.0,0.0,1.0,1.0,4.0,13.0,0.0,0.0,6.0
200910,HH,SK,B,30.0,1.0,1.0,5.0,0.0,0.0,0.0,0.0,4.0,9.0,2.0,0.0,6.0
200910,NC,KT,B,36.0,12.0,13.0,13.0,3.0,0.0,3.0,0.0,9.0,4.0,0.0,0.0,9.0
200910,KT,NC,T,32.0,8.0,8.0,8.0,0.0,1.0,4.0,0.0,4.0,7.0,1.0,1.0,2.0
200910,HT,OB,B,32.0,4.0,4.0,7.0,0.0,1.0,1.0,0.0,4.0,7.0,0.0,0.0,5.0
200910,OB,HT,T,36.0,5.0,5.0,9.0,0.0,0.0,0.0,2.0,6.0,9.0,0.0,0.0,10.0
200910,SK,HH,T,36.0,5.0,5.0,9.0,1.0,0.0,1.0,1.0,5.0,5.0,0.0,0.0,9.0
200910,LT,SS,B,45.0,12.0,13.0,21.0,3.0,0.0,2.0,0.0,5.0,6.0,0.0,1.0,13.0
200910,SS,LT,T,37.0,7.0,8.0,10.0,5.0,0.0,0.0,0.0,3.0,6.0,0.0,1.0,6.0
200910,LG,WO,B,35.0,6.0,6.0,10.0,2.0,0.0,1.0,0.0,5.0,7.0,0.0,0.0,10.0
200910,WO,LG,T,32.0,1.0,1.0,6.0,1.0,0.0,1.0,0.0,3.0,7.0,0.0,1.0,8.0
200911,SS,LT,T,36.0,4.0,4.0,8.0,0.0,0.0,2.0,0.0,1.0,9.0,0.0,2.0,7.0
200911,LG,WO,B,33.0,2.0,2.0,8.0,1.0,0.0,0.0,1.0,3.0,11.0,0.0,0.0,9.0
200911,LT,SS,B,37.0,12.0,12.0,14.0,2.0,0.0,1.0,0.0,8.0,8.0,1.0,2.0,9.0
200911,KT,NC,T,31.0,1.0,1.0,6.0,0.0,1.0,1.0,0.0,6.0,10.0,1.0,0.0,10.0
200911,WO,LG,T,38.0,8.0,8.0,13.0,3.0,1.0,0.0,1.0,2.0,4.0,1.0,0.0,6.0
200911,NC,KT,B,37.0,8.0,9.0,13.0,4.0,0.0,3.0,2.0,3.0,7.0,0.0,0.0,7.0
200911,SK,HH,T,33.0,3.0,4.0,8.0,3.0,0.0,0.0,0.0,2.0,5.0,0.0,2.0,5.0
200911,HH,SK,B,34.0,3.0,3.0,6.0,1.0,0.0,0.0,0.0,4.0,12.0,1.0,1.0,8.0
200912,WO,OB,B,31.0,2.0,2.0,9.0,2.0,0.0,0.0,0.0,4.0,6.0,0.0,0.0,10.0
200912,LT,SK,T,30.0,1.0,1.0,6.0,0.0,0.0,0.0,0.0,5.0,6.0,1.0,1.0,8.0
200912,SK,LT,B,29.0,1.0,2.0,5.0,1.0,0.0,0.0,0.0,3.0,2.0,1.0,0.0,6.0
200912,HT,NC,T,40.0,10.0,11.0,14.0,5.0,0.0,2.0,0.0,8.0,2.0,0.0,0.0,10.0
200912,NC,HT,B,32.0,3.0,3.0,6.0,1.0,0.0,1.0,1.0,3.0,7.0,0.0,1.0,5.0
200912,HH,KT,T,35.0,2.0,2.0,7.0,0.0,0.0,0.0,1.0,1.0,10.0,0.0,0.0,7.0
200912,KT,HH,B,31.0,5.0,5.0,9.0,1.0,0.0,0.0,3.0,6.0,3.0,0.0,0.0,9.0
200912,LG,SS,B,29.0,1.0,1.0,2.0,0.0,0.0,1.0,1.0,1.0,6.0,0.0,0.0,2.0
200912,SS,LG,T,32.0,5.0,5.0,7.0,0.0,1.0,2.0,1.0,4.0,8.0,1.0,0.0,4.0
200912,OB,WO,T,29.0,0.0,0.0,4.0,1.0,0.0,0.0,0.0,2.0,8.0,2.0,0.0,4.0
200913,SK,LT,B,27.0,3.0,3.0,4.0,0.0,0.0,2.0,1.0,2.0,5.0,1.0,0.0,2.0
200913,KT,HH,B,33.0,5.0,5.0,12.0,1.0,0.0,0.0,0.0,3.0,11.0,2.0,0.0,8.0
200913,HH,KT,T,30.0,4.0,4.0,6.0,1.0,0.0,0.0,2.0,7.0,6.0,0.0,0.0,8.0
200913,NC,HT,B,32.0,3.0,3.0,8.0,0.0,0.0,0.0,3.0,6.0,6.0,0.0,2.0,11.0
200913,HT,NC,T,33.0,4.0,4.0,10.0,1.0,0.0,0.0,0.0,3.0,5.0,1.0,1.0,7.0
200913,LT,SK,T,29.0,1.0,1.0,5.0,0.0,0.0,0.0,0.0,6.0,1.0,2.0,0.0,8.0
200913,WO,OB,B,49.0,6.0,6.0,13.0,1.0,0.0,0.0,2.0,11.0,15.0,0.0,2.0,18.0
200913,OB,WO,T,48.0,6.0,6.0,15.0,2.0,0.0,0.0,0.0,7.0,7.0,0.0,0.0,14.0
200913,LG,SS,B,31.0,0.0,0.0,4.0,1.0,0.0,0.0,0.0,1.0,10.0,0.0,1.0,5.0
200913,SS,LG,T,42.0,9.0,11.0,18.0,1.0,1.0,1.0,2.0,5.0,5.0,0.0,0.0,13.0
200915,SS,KT,T,37.0,7.0,7.0,14.0,1.0,0.0,1.0,0.0,4.0,1.0,2.0,2.0,8.0
200915,KT,SS,B,36.0,0.0,0.0,8.0,1.0,0.0,0.0,0.0,2.0,11.0,1.0,1.0,11.0
200915,SK,HT,T,40.0,16.0,16.0,17.0,1.0,0.0,2.0,3.0,10.0,5.0,3.0,0.0,9.0
200915,HT,SK,B,29.0,1.0,1.0,5.0,0.0,0.0,0.0,0.0,5.0,4.0,3.0,3.0,6.0
200915,NC,OB,T,33.0,2.0,3.0,6.0,1.0,1.0,0.0,2.0,4.0,5.0,0.0,1.0,7.0
200915,WO,LT,B,38.0,5.0,5.0,11.0,1.0,0.0,0.0,0.0,8.0,7.0,1.0,0.0,14.0
200915,LT,WO,T,33.0,8.0,8.0,10.0,3.0,0.0,1.0,0.0,5.0,3.0,2.0,1.0,4.0
200915,LG,HH,T,39.0,4.0,5.0,8.0,2.0,0.0,1.0,3.0,3.0,14.0,0.0,0.0,7.0
200915,HH,LG,B,38.0,6.0,6.0,11.0,1.0,0.0,0.0,0.0,7.0,10.0,2.0,2.0,10.0
200915,OB,NC,B,30.0,6.0,7.0,8.0,3.0,0.0,0.0,0.0,4.0,3.0,0.0,1.0,4.0
200916,SK,HT,T,37.0,6.0,7.0,11.0,4.0,0.0,0.0,0.0,8.0,5.0,1.0,0.0,11.0
200916,SS,KT,T,39.0,4.0,6.0,14.0,1.0,0.0,0.0,0.0,6.0,4.0,1.0,0.0,12.0
200916,KT,SS,B,43.0,11.0,11.0,19.0,4.0,0.0,1.0,0.0,3.0,8.0,0.0,0.0,11.0
200916,HT,SK,B,33.0,6.0,6.0,10.0,1.0,0.0,1.0,0.0,6.0,6.0,1.0,1.0,8.0
200916,LG,HH,T,40.0,9.0,11.0,15.0,8.0,0.0,0.0,0.0,6.0,5.0,2.0,0.0,8.0
200916,OB,NC,B,32.0,3.0,3.0,7.0,1.0,0.0,0.0,0.0,1.0,6.0,1.0,1.0,3.0
200916,HH,LG,B,35.0,5.0,5.0,9.0,0.0,1.0,2.0,0.0,4.0,11.0,1.0,1.0,7.0
200916,NC,OB,T,34.0,4.0,5.0,8.0,1.0,0.0,2.0,2.0,4.0,10.0,0.0,0.0,7.0
200917,OB,KT,T,33.0,0.0,0.0,6.0,0.0,0.0,0.0,0.0,0.0,5.0,2.0,0.0,6.0
200917,KT,OB,B,31.0,3.0,3.0,9.0,1.0,1.0,0.0,3.0,3.0,8.0,0.0,3.0,8.0
200917,NC,SK,T,34.0,3.0,3.0,9.0,1.0,0.0,2.0,1.0,3.0,6.0,1.0,0.0,8.0
200917,SK,NC,B,30.0,0.0,0.0,4.0,0.0,0.0,0.0,1.0,2.0,11.0,0.0,0.0,6.0
200917,LT,LG,T,34.0,1.0,1.0,8.0,2.0,0.0,0.0,0.0,0.0,5.0,2.0,3.0,6.0
200917,HT,SS,T,40.0,11.0,12.0,16.0,4.0,0.0,3.0,0.0,3.0,6.0,1.0,0.0,5.0
200917,SS,HT,B,33.0,2.0,2.0,7.0,0.0,0.0,0.0,0.0,3.0,11.0,0.0,2.0,8.0
200917,HH,WO,T,29.0,2.0,2.0,3.0,0.0,0.0,0.0,0.0,2.0,13.0,0.0,0.0,3.0
200917,WO,HH,B,26.0,5.0,5.0,4.0,2.0,0.0,0.0,0.0,8.0,9.0,1.0,0.0,6.0
200917,LG,LT,B,34.0,9.0,9.0,8.0,0.0,0.0,2.0,1.0,4.0,6.0,0.0,1.0,6.0
200918,SK,NC,B,31.0,5.0,5.0,8.0,2.0,0.0,3.0,0.0,6.0,4.0,1.0,0.0,5.0
200918,OB,KT,T,41.0,4.0,4.0,11.0,1.0,0.0,1.0,0.0,2.0,4.0,1.0,0.0,8.0
200918,KT,OB,B,40.0,5.0,5.0,11.0,1.0,0.0,2.0,0.0,5.0,11.0,1.0,1.0,10.0
200918,LT,LG,T,36.0,5.0,5.0,8.0,1.0,0.0,0.0,3.0,4.0,8.0,1.0,0.0,8.0
200918,NC,SK,T,31.0,9.0,9.0,8.0,0.0,1.0,1.0,1.0,7.0,6.0,0.0,0.0,4.0
200918,HT,SS,T,39.0,13.0,13.0,15.0,2.0,0.0,2.0,0.0,8.0,4.0,1.0,2.0,9.0
200918,WO,HH,B,31.0,0.0,0.0,4.0,2.0,0.0,0.0,1.0,3.0,9.0,0.0,1.0,7.0
200918,HH,WO,T,36.0,2.0,2.0,8.0,1.0,0.0,0.0,0.0,1.0,10.0,0.0,0.0,8.0
200918,LG,LT,B,34.0,3.0,3.0,7.0,1.0,0.0,1.0,1.0,4.0,6.0,0.0,2.0,8.0
200918,SS,HT,B,35.0,4.0,5.0,9.0,2.0,0.0,0.0,0.0,4.0,9.0,1.0,1.0,8.0
200919,WO,SS,T,39.0,8.0,8.0,15.0,3.0,0.0,0.0,2.0,3.0,12.0,0.0,1.0,8.0
200919,SS,WO,B,37.0,7.0,7.0,11.0,3.0,0.0,2.0,2.0,3.0,6.0,2.0,0.0,6.0
200919,LT,NC,B,30.0,5.0,5.0,7.0,1.0,0.0,2.0,0.0,8.0,8.0,1.0,0.0,9.0
200919,OB,LG,B,36.0,6.0,6.0,10.0,2.0,0.0,2.0,0.0,3.0,8.0,1.0,1.0,6.0
200919,NC,LT,T,34.0,1.0,1.0,10.0,0.0,0.0,1.0,1.0,2.0,7.0,2.0,0.0,8.0
200919,SK,KT,B,30.0,0.0,0.0,3.0,0.0,0.0,0.0,0.0,4.0,6.0,1.0,1.0,7.0
200919,HH,HT,T,31.0,0.0,0.0,5.0,0.0,0.0,0.0,0.0,0.0,11.0,0.0,1.0,4.0
200919,HT,HH,B,29.0,7.0,8.0,10.0,2.0,0.0,0.0,1.0,4.0,4.0,0.0,0.0,3.0
200919,KT,SK,T,34.0,5.0,5.0,8.0,0.0,0.0,0.0,1.0,6.0,11.0,1.0,1.0,9.0
200919,LG,OB,T,40.0,9.0,9.0,18.0,1.0,0.0,2.0,2.0,4.0,6.0,2.0,1.0,11.0
200920,WO,SS,T,37.0,6.0,6.0,13.0,2.0,0.0,1.0,0.0,4.0,7.0,3.0,4.0,8.0
200920,NC,LT,T,37.0,6.0,6.0,13.0,0.0,0.0,2.0,1.0,4.0,8.0,0.0,0.0,10.0
200920,LT,NC,B,36.0,2.0,2.0,11.0,0.0,0.0,0.0,0.0,5.0,8.0,2.0,0.0,12.0
200920,NC,LT,T,35.0,5.0,7.0,10.0,1.0,1.0,0.0,2.0,2.0,6.0,1.0,1.0,5.0
200920,LT,NC,B,35.0,1.0,2.0,8.0,1.0,0.0,1.0,0.0,3.0,9.0,1.0,1.0,9.0
200920,SS,WO,B,42.0,12.0,14.0,18.0,0.0,0.0,3.0,1.0,5.0,6.0,1.0,0.0,10.0
200920,LG,OB,T,37.0,5.0,5.0,10.0,3.0,1.0,2.0,0.0,1.0,11.0,0.0,1.0,6.0
200920,OB,LG,B,31.0,6.0,6.0,9.0,1.0,0.0,1.0,1.0,14.0,6.0,3.0,0.0,13.0
200920,HT,HH,B,33.0,3.0,3.0,9.0,1.0,0.0,1.0,0.0,4.0,7.0,1.0,0.0,8.0
200920,HH,HT,T,40.0,11.0,11.0,16.0,4.0,0.0,1.0,0.0,8.0,10.0,0.0,0.0,12.0
200920,SK,KT,B,28.0,1.0,2.0,3.0,1.0,0.0,0.0,0.0,3.0,4.0,3.0,2.0,2.0
200920,KT,SK,T,37.0,10.0,10.0,11.0,2.0,0.0,1.0,2.0,5.0,10.0,0.0,1.0,6.0
200922,LG,SK,B,30.0,6.0,7.0,7.0,1.0,0.0,0.0,2.0,5.0,5.0,2.0,2.0,4.0
200922,WO,HT,T,32.0,2.0,2.0,5.0,1.0,0.0,0.0,0.0,3.0,3.0,0.0,1.0,6.0
200922,HT,WO,B,30.0,0.0,0.0,4.0,0.0,0.0,0.0,0.0,3.0,8.0,1.0,1.0,6.0
200922,SS,NC,T,33.0,2.0,2.0,6.0,0.0,0.0,0.0,0.0,1.0,11.0,0.0,0.0,5.0
200922,NC,SS,B,30.0,2.0,3.0,6.0,1.0,0.0,0.0,1.0,6.0,4.0,1.0,0.0,9.0
200922,SK,LG,T,31.0,2.0,2.0,3.0,0.0,0.0,1.0,1.0,1.0,9.0,0.0,1.0,3.0
200922,LT,KT,B,31.0,8.0,8.0,10.0,0.0,0.0,2.0,1.0,5.0,5.0,2.0,1.0,4.0
200922,OB,HH,T,29.0,1.0,1.0,6.0,0.0,0.0,1.0,0.0,4.0,5.0,3.0,0.0,5.0
200922,HH,OB,B,29.0,5.0,5.0,6.0,0.0,0.0,1.0,0.0,5.0,16.0,0.0,0.0,6.0
200922,KT,LT,T,28.0,0.0,0.0,2.0,0.0,0.0,0.0,0.0,2.0,10.0,0.0,0.0,3.0
200923,WO,HT,T,42.0,13.0,13.0,17.0,3.0,2.0,2.0,0.0,5.0,6.0,1.0,0.0,8.0
200923,NC,SS,B,30.0,8.0,8.0,10.0,1.0,0.0,1.0,0.0,5.0,7.0,2.0,1.0,4.0
200923,LT,KT,B,33.0,4.0,5.0,9.0,1.0,0.0,1.0,0.0,8.0,7.0,3.0,2.0,9.0
200923,KT,LT,T,42.0,9.0,10.0,16.0,3.0,0.0,1.0,1.0,4.0,5.0,0.0,0.0,9.0
200923,HH,OB,B,34.0,6.0,6.0,12.0,3.0,0.0,1.0,1.0,3.0,13.0,1.0,0.0,8.0
200923,OB,HH,T,37.0,5.0,5.0,11.0,5.0,0.0,0.0,0.0,5.0,6.0,0.0,0.0,11.0
200923,LG,SK,B,31.0,6.0,6.0,10.0,2.0,0.0,1.0,0.0,1.0,6.0,0.0,1.0,3.0
200923,HT,WO,B,32.0,1.0,1.0,5.0,0.0,0.0,1.0,0.0,2.0,7.0,0.0,0.0,6.0
200923,SS,NC,T,36.0,5.0,7.0,10.0,2.0,1.0,1.0,2.0,2.0,11.0,0.0,0.0,5.0
200923,SK,LG,T,33.0,2.0,2.0,8.0,3.0,0.0,0.0,0.0,1.0,10.0,0.0,0.0,7.0
