G_ID,GDAY_DS,T_ID,VS_T_ID,TB_SC,WLS,INN2,BF,AB,HIT,H2,H3,HR,SB,BB,KK,GD,R,ER
20200505HHSK0,20200505,SK,HH,B,L,27,115,31,8,3,0,0,0,2,5,1,3,3
20200505HHSK0,20200505,HH,SK,T,W,27,101,29,2,0,0,0,0,1,2,0,0,0
20200505LTKT0,20200505,KT,LT,B,L,27,154,32,7,1,0,2,0,4,9,1,7,7
20200505LTKT0,20200505,LT,KT,T,W,27,155,30,5,1,0,1,0,5,8,1,2,2
20200505NCSS0,20200505,SS,NC,B,L,27,144,33,7,2,0,3,0,2,9,0,4,4
20200505NCSS0,20200505,NC,SS,T,W,27,134,30,3,0,0,0,0,6,8,0,0,0
20200505OBLG0,20200505,LG,OB,B,W,27,148,30,6,1,0,1,0,3,9,1,2,2
20200505OBLG0,20200505,OB,LG,T,L,24,146,30,10,6,1,1,1,6,6,1,8,8
20200505WOHT0,20200505,HT,WO,B,L,27,186,38,12,3,0,2,0,6,5,1,11,11
20200505WOHT0,20200505,WO,HT,T,W,27,154,32,6,1,0,0,0,5,7,2,2,0
20200506HHSK0,20200506,SK,HH,B,W,27,138,31,5,1,0,1,0,4,5,1,2,2
20200506HHSK0,20200506,HH,SK,T,L,24,144,33,9,3,0,2,3,3,8,0,5,5
20200506LTKT0,20200506,KT,LT,B,L,27,153,36,12,2,0,1,1,2,6,0,9,9
20200506LTKT0,20200506,LT,KT,T,W,27,122,35,8,2,0,1,1,2,3,0,4,3
20200506NCSS0,20200506,SS,NC,B,L,27,155,33,8,1,0,2,2,7,8,0,4,4
20200506NCSS0,20200506,NC,SS,T,W,27,145,32,5,1,0,3,0,2,11,0,3,3
20200506OBLG0,20200506,LG,OB,B,L,27,144,35,12,1,0,1,0,1,3,2,5,5
20200506OBLG0,20200506,OB,LG,T,W,27,136,33,6,0,0,0,1,3,6,1,2,1
20200506WOHT0,20200506,HT,WO,B,L,27,142,31,7,1,1,0,1,1,11,0,3,2
20200506WOHT0,20200506,WO,HT,T,W,27,118,35,9,2,0,1,0,1,9,0,2,2
20200507HHSK0,20200507,SK,HH,B,L,27,165,37,13,1,0,0,4,5,7,3,8,8
20200507HHSK0,20200507,HH,SK,T,W,27,164,39,15,2,2,0,0,6,8,3,4,4
20200507LTKT0,20200507,KT,LT,B,L,27,157,40,14,2,0,1,0,4,3,1,7,6
20200507LTKT0,20200507,LT,KT,T,W,27,139,33,7,2,0,0,0,2,4,0,3,3
20200507NCSS0,20200507,SS,NC,B,L,27,170,35,9,2,0,1,0,7,6,0,8,7
20200507NCSS0,20200507,NC,SS,T,W,27,151,32,5,1,0,0,0,6,8,0,2,2
20200507OBLG0,20200507,LG,OB,B,L,27,152,40,14,2,0,1,0,1,4,0,9,6
20200507OBLG0,20200507,OB,LG,T,W,27,136,30,7,2,0,0,0,2,7,1,3,3
20200507WOHT0,20200507,HT,WO,B,W,27,141,34,9,4,0,1,1,3,6,0,5,5
20200507WOHT0,20200507,WO,HT,T,L,24,162,38,16,2,0,2,0,5,7,2,8,8
20200508HHWO0,20200508,WO,HH,B,W,27,130,31,6,0,0,1,0,2,7,1,3,3
20200508HHWO0,20200508,HH,WO,T,L,24,141,34,10,0,1,2,0,4,6,0,5,5
20200508HTSS0,20200508,SS,HT,B,W,27,142,30,5,1,0,0,0,6,9,1,0,0
20200508HTSS0,20200508,HT,SS,T,L,24,149,30,6,3,0,1,1,7,6,0,5,4
20200508KTOB0,20200508,OB,KT,B,L,27,194,47,22,4,1,1,0,3,7,0,12,12
20200508KTOB0,20200508,KT,OB,T,W,27,142,34,8,3,0,0,0,3,3,0,3,3
20200508LGNC0,20200508,NC,LG,B,W,27,139,34,9,3,0,0,0,6,9,0,5,5
20200508LGNC0,20200508,LG,NC,T,L,24,189,37,13,3,1,2,1,7,4,0,13,13
20200508SKLT0,20200508,LT,SK,B,W,30,157,40,13,3,1,2,4,2,7,0,8,8
20200508SKLT0,20200508,SK,LT,T,L,28,174,39,13,4,0,4,1,3,10,0,9,9
20200509HHWO0,20200509,WO,HH,B,W,27,135,33,10,2,0,1,0,2,4,1,3,3
20200509HHWO0,20200509,HH,WO,T,L,24,158,28,4,0,0,1,2,8,8,0,5,4
20200509HTSS0,20200509,SS,HT,B,W,27,158,29,7,2,0,1,0,6,4,4,2,2
20200509HTSS0,20200509,HT,SS,T,L,24,190,36,13,3,1,0,1,10,9,0,14,13
20200510HHWO0,20200510,WO,HH,B,W,27,136,35,12,1,0,1,1,1,7,1,3,3
20200510HHWO0,20200510,HH,WO,T,L,24,146,31,8,2,1,0,0,4,6,0,6,5
20200510HTSS0,20200510,SS,HT,B,L,27,183,42,15,4,0,2,0,6,7,1,12,8
20200510HTSS0,20200510,HT,SS,T,W,27,132,31,6,2,0,2,0,3,6,1,3,3
20200510KTOB0,20200510,OB,KT,B,W,33,198,48,16,2,0,3,0,3,8,0,12,12
20200510KTOB0,20200510,KT,OB,T,L,31,209,49,18,1,0,3,0,6,4,0,13,12
20200510LGNC0,20200510,NC,LG,B,L,27,202,40,15,4,0,4,3,5,6,1,10,10
20200510LGNC0,20200510,LG,NC,T,W,27,162,38,12,2,0,1,0,4,6,1,8,7
20200510SKLT0,20200510,LT,SK,B,W,27,108,29,3,1,0,0,0,0,12,1,0,0
20200510SKLT0,20200510,SK,LT,T,L,24,125,29,6,0,0,1,0,4,4,1,4,4
20200512HTHH0,20200512,HH,HT,B,L,27,124,30,4,1,0,1,1,3,8,0,2,2
20200512HTHH0,20200512,HT,HH,T,W,27,129,33,8,1,0,0,0,2,8,1,1,1
20200512KTNC0,20200512,NC,KT,B,W,30,174,43,14,1,0,2,0,3,11,0,6,6
20200512KTNC0,20200512,KT,NC,T,L,27,175,39,12,1,0,3,0,2,10,0,7,7
20200512OBLT0,20200512,LT,OB,B,L,27,166,41,20,5,0,2,0,3,3,2,11,11
20200512OBLT0,20200512,OB,LT,T,W,27,174,42,15,3,0,1,1,2,7,0,6,6
20200512SKLG0,20200512,LG,SK,B,W,27,165,34,9,3,0,1,0,4,9,1,5,5
20200512SKLG0,20200512,SK,LG,T,L,24,150,37,12,1,1,1,1,2,7,0,9,6
20200512SSWO0,20200512,WO,SS,B,W,27,126,31,6,0,0,0,2,0,9,2,2,0
20200512SSWO0,20200512,SS,WO,T,L,24,123,30,7,2,0,1,1,5,4,0,3,2
20200513HTHH0,20200513,HH,HT,B,L,27,159,33,8,2,0,0,1,7,12,2,4,3
20200513HTHH0,20200513,HT,HH,T,W,27,145,35,9,2,0,0,2,3,6,1,3,3
20200513KTNC0,20200513,NC,KT,B,W,30,165,35,8,0,1,2,0,2,7,0,4,3
20200513KTNC0,20200513,KT,NC,T,L,29,175,37,11,1,0,2,1,6,5,0,5,4
20200513OBLT0,20200513,LT,OB,B,W,27,163,35,9,1,0,3,0,7,5,0,9,9
20200513OBLT0,20200513,OB,LT,T,L,24,163,35,12,4,0,1,1,9,5,1,10,7
20200513SKLG0,20200513,LG,SK,B,W,27,132,34,10,1,0,0,1,2,8,2,2,2
20200513SKLG0,20200513,SK,LG,T,L,24,160,36,12,6,0,0,0,7,5,0,14,7
20200513SSWO0,20200513,WO,SS,B,L,27,100,32,5,1,0,1,1,0,7,0,5,3
20200513SSWO0,20200513,SS,WO,T,W,27,134,30,2,0,0,0,0,2,12,0,0,0
20200514HTHH0,20200514,HH,HT,B,W,27,126,32,5,3,0,0,0,0,9,0,1,1
20200514HTHH0,20200514,HT,HH,T,L,24,136,32,8,3,0,0,1,2,13,0,4,4
20200514KTNC0,20200514,NC,KT,B,W,27,122,31,6,1,0,0,0,1,11,1,0,0
20200514KTNC0,20200514,KT,NC,T,L,24,135,31,9,3,0,0,2,3,10,1,1,1
20200514OBLT0,20200514,LT,OB,B,L,27,166,39,13,5,0,2,2,4,8,0,7,5
20200514OBLT0,20200514,OB,LT,T,W,27,165,34,9,3,0,1,0,3,8,0,4,4
20200514SKLG0,20200514,LG,SK,B,W,27,119,31,4,0,0,1,0,3,11,2,2,2
20200514SKLG0,20200514,SK,LG,T,L,25,145,32,11,2,0,1,2,4,12,2,3,3
20200514SSWO0,20200514,WO,SS,B,L,27,152,34,14,4,0,1,0,6,4,1,8,8
20200514SSWO0,20200514,SS,WO,T,W,27,150,35,8,3,0,1,0,2,8,0,5,5
20200515LTHH0,20200515,HH,LT,B,W,27,158,33,8,1,0,0,0,3,3,1,1,1
20200515LTHH0,20200515,LT,HH,T,L,24,154,30,8,2,1,0,0,3,12,0,2,2
20200515NCSK0,20200515,SK,NC,B,L,30,184,40,11,2,0,0,0,7,11,1,6,6
20200515NCSK0,20200515,NC,SK,T,W,30,175,30,2,1,0,1,0,7,6,0,2,2
20200515OBHT0,20200515,HT,OB,B,L,27,176,43,18,3,0,3,0,4,5,4,13,7
20200515OBHT0,20200515,OB,HT,T,W,27,168,36,8,1,0,0,0,4,3,0,4,0
20200515SSKT0,20200515,KT,SS,B,W,27,137,39,12,2,0,0,0,1,5,0,6,3
20200515SSKT0,20200515,SS,KT,T,L,24,171,41,16,5,2,3,1,4,3,0,14,10
20200516LTHH0,20200516,HH,LT,B,L,27,159,36,11,4,0,0,1,6,6,2,5,5
20200516LTHH0,20200516,LT,HH,T,W,27,139,36,10,2,0,0,1,1,6,0,1,1
20200516NCSK0,20200516,SK,NC,B,L,27,139,29,5,1,0,0,1,4,8,2,2,2
20200516NCSK0,20200516,NC,SK,T,W,27,140,31,6,1,0,1,0,2,7,2,1,1
20200516OBHT0,20200516,HT,OB,B,W,27,142,35,9,2,1,1,0,3,10,1,4,4
20200516OBHT0,20200516,OB,HT,T,L,24,176,38,16,6,0,2,0,5,3,1,13,13
20200516SSKT0,20200516,KT,SS,B,W,27,150,34,8,1,0,0,1,3,7,2,4,3
20200516SSKT0,20200516,SS,KT,T,L,24,152,35,16,3,1,0,3,6,2,2,10,9
20200516WOLG1,20200516,LG,WO,B,W,27,129,33,6,1,0,0,1,4,7,0,1,1
20200516WOLG1,20200516,WO,LG,T,L,24,109,25,4,1,0,1,0,5,5,1,3,3
20200516WOLG2,20200516,LG,WO,B,W,27,151,32,9,1,0,0,0,5,5,3,3,3
20200516WOLG2,20200516,WO,LG,T,L,24,143,32,10,1,0,1,1,5,9,0,5,5
20200517LTHH0,20200517,HH,LT,B,W,33,162,39,7,0,0,3,2,4,12,1,4,4
20200517LTHH0,20200517,LT,HH,T,L,32,162,35,6,0,0,0,0,7,3,1,5,2
20200517NCSK0,20200517,SK,NC,B,L,27,174,36,12,3,0,4,0,9,6,1,11,11
20200517NCSK0,20200517,NC,SK,T,W,27,160,39,12,1,0,0,0,4,8,1,5,5
20200517OBHT0,20200517,HT,OB,B,L,27,155,40,15,4,0,0,2,1,11,2,6,5
20200517OBHT0,20200517,OB,HT,T,W,27,156,35,8,2,0,1,0,3,10,1,4,2
20200517SSKT0,20200517,KT,SS,B,W,27,134,33,7,1,0,0,1,1,5,1,2,1
20200517SSKT0,20200517,SS,KT,T,L,24,171,31,9,2,0,1,0,7,4,0,9,7
20200517WOLG0,20200517,LG,WO,B,L,27,173,43,17,6,0,3,0,3,9,0,9,9
20200517WOLG0,20200517,WO,LG,T,W,27,134,32,8,2,0,0,0,2,5,2,4,4
20200519HHKT0,20200519,KT,HH,B,W,27,158,38,11,2,0,2,0,6,10,0,11,11
20200519HHKT0,20200519,HH,KT,T,L,24,170,40,18,4,1,2,0,6,7,1,13,13
20200519LGSS0,20200519,SS,LG,B,L,27,164,37,12,1,0,3,0,5,5,2,10,10
20200519LGSS0,20200519,LG,SS,T,W,27,145,35,11,2,0,2,0,2,6,2,6,6
20200519LTHT0,20200519,HT,LT,B,W,27,123,32,6,1,0,0,0,4,12,0,2,2
20200519LTHT0,20200519,LT,HT,T,L,24,161,37,16,0,0,3,2,6,6,1,9,9
20200519NCOB0,20200519,OB,NC,B,L,27,188,39,12,1,0,0,1,7,7,0,5,5
20200519NCOB0,20200519,NC,OB,T,W,27,200,36,10,2,0,0,0,9,8,0,4,4
20200519SKWO0,20200519,WO,SK,B,W,27,162,33,6,1,0,1,0,5,9,1,6,5
20200519SKWO0,20200519,SK,WO,T,L,24,162,38,14,3,0,1,1,7,7,2,11,10
20200520HHKT0,20200520,KT,HH,B,W,27,143,32,7,1,0,0,0,5,5,2,1,1
20200520HHKT0,20200520,HH,KT,T,L,24,161,38,17,4,1,0,2,2,6,0,8,8
20200520LGSS0,20200520,SS,LG,B,W,27,153,32,6,0,0,1,0,4,6,1,1,1
20200520LGSS0,20200520,LG,SS,T,L,24,110,26,5,1,0,0,3,1,7,1,3,2
20200520LTHT0,20200520,HT,LT,B,W,27,133,28,3,0,0,0,1,4,10,1,0,0
20200520LTHT0,20200520,LT,HT,T,L,24,152,33,9,3,0,2,0,4,8,0,6,6
20200520NCOB0,20200520,OB,NC,B,W,33,145,36,5,1,0,1,1,3,14,0,1,1
20200520NCOB0,20200520,NC,OB,T,L,31,135,33,3,1,0,0,0,5,9,0,2,2
20200520SKWO0,20200520,WO,SK,B,L,27,163,38,10,0,0,1,0,2,9,0,5,4
20200520SKWO0,20200520,SK,WO,T,W,27,140,34,7,1,0,1,5,4,8,0,3,3
20200521HHKT0,20200521,KT,HH,B,L,27,147,37,12,1,0,1,2,4,9,2,9,9
20200521HHKT0,20200521,HH,KT,T,W,27,175,34,10,4,0,1,1,6,7,1,4,4
20200521LGSS0,20200521,SS,LG,B,L,27,123,33,6,1,0,1,1,2,8,0,2,2
20200521LGSS0,20200521,LG,SS,T,W,27,129,27,2,0,0,0,0,5,4,2,0,0
20200521LTHT0,20200521,HT,LT,B,W,27,104,31,7,1,0,0,0,0,5,3,1,1
20200521LTHT0,20200521,LT,HT,T,L,24,136,32,9,1,0,0,1,5,5,0,6,6
20200521NCOB0,20200521,OB,NC,B,L,27,169,44,19,3,0,2,1,4,4,1,12,12
20200521NCOB0,20200521,NC,OB,T,W,27,156,35,11,0,1,0,0,4,2,1,6,6
20200521SKWO0,20200521,WO,SK,B,W,30,152,37,12,1,1,1,0,4,7,1,8,8
20200521SKWO0,20200521,SK,WO,T,L,27,192,40,13,5,0,0,2,4,11,1,9,7
20200522HHNC0,20200522,NC,HH,B,L,27,143,34,8,2,0,3,1,1,6,0,5,3
20200522HHNC0,20200522,HH,NC,T,W,27,145,29,6,0,0,1,0,3,10,2,3,3
20200522HTSK0,20200522,SK,HT,B,L,27,149,33,8,1,0,0,1,5,6,0,2,2
20200522HTSK0,20200522,HT,SK,T,W,27,137,32,6,1,0,0,1,1,8,1,1,0
20200522KTLG0,20200522,LG,KT,B,W,27,139,35,9,1,0,0,2,5,7,1,5,5
20200522KTLG0,20200522,KT,LG,T,L,25,141,35,10,2,0,1,0,4,5,0,6,5
20200522OBSS0,20200522,SS,OB,B,L,27,216,37,15,2,0,1,0,10,6,2,12,11
20200522OBSS0,20200522,OB,SS,T,W,27,162,35,12,1,0,1,0,4,4,1,7,7
20200522WOLT0,20200522,LT,WO,B,W,27,159,29,6,2,0,1,0,8,10,1,7,7
20200522WOLT0,20200522,WO,LT,T,L,24,172,36,12,4,0,0,1,7,6,0,9,8
20200523HHNC0,20200523,NC,HH,B,W,27,122,30,6,2,0,0,1,1,9,1,0,0
20200523HHNC0,20200523,HH,NC,T,L,24,144,32,10,1,0,0,3,4,9,0,3,3
20200523HTSK0,20200523,SK,HT,B,L,27,155,34,9,2,0,1,0,6,9,0,8,8
20200523HTSK0,20200523,HT,SK,T,W,27,151,32,9,1,0,1,0,4,8,2,3,3
20200523KTLG0,20200523,LG,KT,B,L,27,155,36,10,0,1,2,0,1,5,0,6,6
20200523KTLG0,20200523,KT,LG,T,W,27,171,32,7,0,0,0,1,8,3,2,2,2
20200523OBSS0,20200523,SS,OB,B,L,27,153,37,13,3,0,3,0,6,9,0,10,10
20200523OBSS0,20200523,OB,SS,T,W,27,168,37,10,4,0,4,0,3,5,0,6,5
20200523WOLT0,20200523,LT,WO,B,L,27,185,43,15,4,0,4,0,3,12,0,12,12
20200523WOLT0,20200523,WO,LT,T,W,27,151,35,8,4,0,0,0,4,6,0,4,3
20200524HHNC0,20200524,NC,HH,B,W,27,158,33,7,2,0,1,0,5,6,0,5,5
20200524HHNC0,20200524,HH,NC,T,L,24,159,35,13,2,0,1,1,6,10,0,10,8
20200524HTSK0,20200524,SK,HT,B,W,36,194,50,15,2,0,0,0,3,6,1,3,1
20200524HTSK0,20200524,HT,SK,T,L,35,164,41,8,0,1,0,0,4,4,2,4,2
20200524KTLG0,20200524,LG,KT,B,W,27,155,37,10,2,0,0,1,3,10,0,7,4
20200524KTLG0,20200524,KT,LG,T,L,25,139,33,10,1,0,1,2,7,5,1,9,9
20200524OBSS0,20200524,SS,OB,B,W,27,134,35,11,1,0,0,0,1,8,3,0,0
20200524OBSS0,20200524,OB,SS,T,L,24,172,34,15,6,0,0,1,8,8,0,13,13
20200524WOLT0,20200524,LT,WO,B,W,27,149,29,4,0,0,0,1,5,5,2,0,0
20200524WOLT0,20200524,WO,LT,T,L,24,116,33,9,3,0,0,2,1,3,0,2,2
20200526HTKT0,20200526,KT,HT,B,L,27,165,35,12,1,0,0,0,7,5,1,4,4
20200526HTKT0,20200526,HT,KT,T,W,27,134,31,4,0,0,0,1,2,14,1,1,0
20200526LGHH0,20200526,HH,LG,B,L,27,154,35,9,0,1,2,0,3,10,2,3,3
20200526LGHH0,20200526,LG,HH,T,W,27,126,28,3,0,0,0,0,2,3,2,0,0
20200526SKOB0,20200526,OB,SK,B,W,27,132,32,7,0,0,0,0,5,7,1,4,4
20200526SKOB0,20200526,SK,OB,T,L,24,133,26,4,1,1,0,0,3,9,0,6,1
20200526SSLT0,20200526,LT,SS,B,W,27,122,29,4,1,0,0,3,4,9,1,0,0
20200526SSLT0,20200526,SS,LT,T,L,24,122,30,6,2,0,0,0,3,6,0,1,1
20200526WONC0,20200526,NC,WO,B,W,27,151,32,5,0,0,0,0,6,8,0,2,2
20200526WONC0,20200526,WO,NC,T,L,24,131,28,8,4,0,1,1,4,4,1,7,7
20200527HTKT0,20200527,KT,HT,B,W,27,132,31,5,0,0,0,0,4,8,1,0,0
20200527HTKT0,20200527,HT,KT,T,L,24,146,30,9,3,1,0,0,2,6,1,5,5
20200527LGHH0,20200527,HH,LG,B,L,27,183,46,19,4,1,5,1,4,6,0,15,15
20200527LGHH0,20200527,LG,HH,T,W,27,123,34,10,2,0,2,1,1,9,2,4,4
20200527SKOB0,20200527,OB,SK,B,W,27,138,31,6,1,1,0,0,5,6,0,2,2
20200527SKOB0,20200527,SK,OB,T,L,24,137,31,7,1,0,0,1,2,3,0,4,4
20200527SSLT0,20200527,LT,SS,B,L,27,201,34,11,4,0,2,0,14,5,0,11,11
20200527SSLT0,20200527,SS,LT,T,W,27,126,33,5,0,0,0,0,1,7,0,1,0
20200527WONC0,20200527,NC,WO,B,W,27,151,36,11,1,0,1,0,4,9,2,3,3
20200527WONC0,20200527,WO,NC,T,L,24,151,35,13,0,0,3,0,5,5,2,10,9
20200528HTKT0,20200528,KT,HT,B,W,27,151,33,9,1,0,2,1,4,6,2,5,5
20200528HTKT0,20200528,HT,KT,T,L,24,135,36,12,1,0,0,0,3,6,0,6,6
20200528LGHH0,20200528,HH,LG,B,L,27,144,37,13,3,0,0,0,0,4,1,3,3
20200528LGHH0,20200528,LG,HH,T,W,27,134,31,5,1,0,0,0,3,13,2,0,0
20200528SKOB0,20200528,OB,SK,B,L,27,161,38,11,3,0,1,1,4,4,0,6,6
20200528SKOB0,20200528,SK,OB,T,W,27,108,27,3,1,1,0,0,3,5,3,1,1
20200528SSLT0,20200528,LT,SS,B,L,27,152,34,7,4,0,0,2,3,9,0,3,3
20200528SSLT0,20200528,SS,LT,T,W,27,163,32,5,2,0,0,1,7,6,0,1,1
20200528WONC0,20200528,NC,WO,B,W,27,171,40,15,1,0,2,0,3,4,2,6,6
20200528WONC0,20200528,WO,NC,T,L,24,157,37,13,1,1,4,0,1,6,0,9,9
20200529HHSK0,20200529,SK,HH,B,W,27,172,37,13,3,0,1,1,4,6,1,6,6
20200529HHSK0,20200529,HH,SK,T,L,24,167,34,11,0,0,3,1,3,8,0,8,7
20200529KTWO0,20200529,WO,KT,B,W,27,134,35,8,1,0,0,0,1,12,1,1,0
20200529KTWO0,20200529,KT,WO,T,L,24,152,31,7,1,0,0,0,8,4,0,5,4
20200529LGHT0,20200529,HT,LG,B,L,27,168,33,10,1,0,2,0,4,5,1,6,6
20200529LGHT0,20200529,LG,HT,T,W,27,143,34,7,1,0,2,0,2,5,0,2,2
20200529LTOB0,20200529,OB,LT,B,W,27,148,34,10,1,0,0,1,4,7,3,2,2
20200529LTOB0,20200529,LT,OB,T,L,24,122,28,5,1,0,1,1,3,6,0,4,4
20200529NCSS0,20200529,SS,NC,B,W,27,155,33,8,0,0,1,0,2,3,0,4,4
20200529NCSS0,20200529,NC,SS,T,L,26,126,35,9,0,0,0,0,0,7,0,5,4
20200530HHSK0,20200530,SK,HH,B,W,27,146,28,2,0,0,1,0,7,9,2,3,3
20200530HHSK0,20200530,HH,SK,T,L,24,196,31,8,2,0,1,1,13,10,1,9,8
20200530KTWO0,20200530,WO,KT,B,W,27,129,31,7,0,0,2,0,1,6,2,3,3
20200530KTWO0,20200530,KT,WO,T,L,24,182,39,16,2,1,2,0,8,5,0,14,14
20200530LGHT0,20200530,HT,LG,B,W,27,141,32,6,2,0,1,0,6,10,1,6,5
20200530LGHT0,20200530,LG,HT,T,L,24,154,37,14,2,0,1,1,4,4,0,10,5
20200530LTOB0,20200530,OB,LT,B,W,33,151,42,11,2,0,0,0,4,3,2,4,4
20200530LTOB0,20200530,LT,OB,T,L,32,171,37,11,1,0,1,1,6,4,3,5,4
20200530NCSS0,20200530,SS,NC,B,W,27,132,30,4,1,0,0,0,4,4,1,1,1
20200530NCSS0,20200530,NC,SS,T,L,24,161,33,12,2,0,3,0,7,5,1,9,9
20200531HHSK0,20200531,SK,HH,B,W,27,152,32,5,0,0,1,1,4,5,0,4,3
20200531HHSK0,20200531,HH,SK,T,L,24,166,30,10,2,1,1,3,9,5,2,6,6
20200531KTWO0,20200531,WO,KT,B,L,27,194,40,14,1,0,4,2,9,9,0,12,12
20200531KTWO0,20200531,KT,WO,T,W,27,179,38,10,2,0,1,1,5,7,1,8,7
20200531LGHT0,20200531,HT,LG,B,L,27,188,44,20,5,2,0,2,3,7,1,13,13
20200531LGHT0,20200531,LG,HT,T,W,27,144,38,11,3,0,2,2,1,5,0,5,5
20200531LTOB0,20200531,OB,LT,B,L,33,231,40,8,1,0,0,1,11,7,1,8,2
20200531LTOB0,20200531,LT,OB,T,W,33,185,41,11,1,0,0,0,3,8,2,3,3
20200531NCSS0,20200531,SS,NC,B,L,27,196,48,21,6,0,3,0,4,7,0,18,11
20200531NCSS0,20200531,NC,SS,T,W,27,147,35,10,0,0,2,0,2,6,2,7,6
20200602LTHT0,20200602,HT,LT,B,W,27,119,32,7,1,0,2,0,2,8,1,2,2
20200602LTHT0,20200602,LT,HT,T,L,24,135,35,12,1,0,2,0,3,5,1,7,7
20200602OBKT0,20200602,KT,OB,B,L,27,137,42,18,3,0,2,0,3,5,3,11,11
20200602OBKT0,20200602,OB,KT,T,W,27,170,40,12,4,0,1,0,4,8,1,8,7
20200602SKNC0,20200602,NC,SK,B,L,27,175,37,11,4,0,0,1,8,5,0,8,7
20200602SKNC0,20200602,SK,NC,T,W,27,135,34,7,2,0,1,0,2,11,0,2,1
20200602SSLG0,20200602,LG,SS,B,L,27,123,30,6,2,0,0,0,3,8,1,2,2
20200602SSLG0,20200602,SS,LG,T,W,27,121,30,5,1,0,0,0,0,6,1,0,0
20200602WOHH0,20200602,HH,WO,B,L,27,200,40,17,2,0,2,0,10,7,0,15,14
20200602WOHH0,20200602,WO,HH,T,W,27,119,34,8,1,0,0,2,0,7,1,3,2
20200603LTHT0,20200603,HT,LT,B,W,27,124,30,3,1,0,1,0,3,6,0,2,2
20200603LTHT0,20200603,LT,HT,T,L,24,159,37,14,0,1,1,1,8,6,2,11,11
20200603OBKT0,20200603,KT,OB,B,W,27,135,32,6,2,0,0,0,4,4,1,2,2
20200603OBKT0,20200603,OB,KT,T,L,24,148,39,14,4,0,2,0,1,3,0,7,4
20200603SKNC0,20200603,NC,SK,B,W,27,147,38,11,4,0,2,0,4,5,0,6,5
20200603SKNC0,20200603,SK,NC,T,L,24,144,35,14,4,0,2,1,5,5,1,8,8
20200603SSLG0,20200603,LG,SS,B,L,27,145,37,12,4,0,2,0,6,6,2,12,11
20200603SSLG0,20200603,SS,LG,T,W,27,144,39,14,1,0,2,3,1,7,0,6,6
20200603WOHH0,20200603,HH,WO,B,L,27,137,37,10,1,0,0,0,4,5,1,6,4
20200603WOHH0,20200603,WO,HH,T,W,27,141,33,7,0,0,1,1,2,6,0,2,2
20200604LTHT0,20200604,HT,LT,B,W,27,145,36,10,1,0,0,1,3,7,2,3,3
20200604LTHT0,20200604,LT,HT,T,L,24,133,33,9,1,0,3,0,1,3,0,7,7
20200604OBKT0,20200604,KT,OB,B,L,27,180,40,14,1,0,3,0,7,6,0,14,14
20200604OBKT0,20200604,OB,KT,T,W,27,167,37,11,5,0,0,0,6,9,1,8,8
20200604SKNC0,20200604,NC,SK,B,W,27,156,30,5,0,0,0,1,4,12,1,0,0
20200604SKNC0,20200604,SK,NC,T,L,24,199,32,10,2,0,2,0,14,3,1,10,10
20200604SSLG0,20200604,LG,SS,B,W,27,126,32,4,1,1,0,0,3,12,0,0,0
20200604SSLG0,20200604,SS,LG,T,L,24,120,37,14,5,0,1,1,1,4,0,11,8
20200604WOHH0,20200604,HH,WO,B,L,27,169,37,11,2,0,2,2,3,11,1,7,4
20200604WOHH0,20200604,WO,HH,T,W,27,117,35,8,1,0,0,0,0,5,1,3,3
20200605HTOB0,20200605,OB,HT,B,W,27,158,32,5,2,0,0,1,5,12,0,1,0
20200605HTOB0,20200605,HT,OB,T,L,24,111,30,7,2,0,0,0,1,4,1,5,5
20200605KTLT0,20200605,LT,KT,B,W,27,137,33,9,0,0,3,1,3,8,1,4,4
20200605KTLT0,20200605,KT,LT,T,L,24,128,34,10,2,0,2,1,2,7,0,6,6
20200605LGWO0,20200605,WO,LG,B,W,27,128,33,6,0,0,2,0,1,6,0,3,3
20200605LGWO0,20200605,LG,WO,T,L,24,137,31,8,1,0,2,1,5,8,1,6,6
20200605NCHH0,20200605,HH,NC,B,L,27,205,43,17,4,0,4,1,7,8,2,13,11
20200605NCHH0,20200605,NC,HH,T,W,27,149,27,3,0,0,1,0,7,11,3,2,2
20200605SSSK0,20200605,SK,SS,B,W,27,144,32,7,1,0,0,0,2,10,1,1,1
20200605SSSK0,20200605,SS,SK,T,L,24,137,28,6,2,0,0,0,7,6,0,4,4
20200606HTOB0,20200606,OB,HT,B,W,27,136,31,7,1,0,0,0,1,3,1,3,3
20200606HTOB0,20200606,HT,OB,T,L,24,121,31,9,4,0,0,0,1,5,0,4,2
20200606KTLT0,20200606,LT,KT,B,W,27,135,32,6,0,0,0,1,0,8,0,0,0
20200606KTLT0,20200606,KT,LT,T,L,25,122,27,5,0,0,0,0,5,4,1,1,1
20200606LGWO0,20200606,WO,LG,B,W,27,136,30,6,1,0,0,0,5,6,0,4,4
20200606LGWO0,20200606,LG,WO,T,L,26,141,34,10,4,0,1,2,4,8,1,5,5
20200606NCHH0,20200606,HH,NC,B,L,27,169,42,14,3,1,4,0,4,9,0,14,14
20200606NCHH0,20200606,NC,HH,T,W,27,136,37,11,1,0,1,0,0,7,1,2,2
20200606SSSK0,20200606,SK,SS,B,W,27,139,32,7,0,0,1,2,4,8,1,4,4
20200606SSSK0,20200606,SS,SK,T,L,24,146,26,6,0,0,2,2,9,2,1,6,6
20200607HTOB0,20200607,OB,HT,B,W,27,139,32,9,3,1,0,0,4,1,1,2,2
20200607HTOB0,20200607,HT,OB,T,L,24,171,35,10,2,0,0,2,4,9,0,3,3
20200607KTLT0,20200607,LT,KT,B,W,27,144,35,8,1,0,1,0,1,10,0,2,2
20200607KTLT0,20200607,KT,LT,T,L,24,143,31,9,3,0,0,1,3,7,0,5,5
20200607LGWO0,20200607,WO,LG,B,L,27,186,42,14,1,0,1,1,3,5,0,8,6
20200607LGWO0,20200607,LG,WO,T,W,27,129,31,7,0,0,1,0,5,7,1,1,1
20200607NCHH0,20200607,HH,NC,B,L,27,169,40,13,4,0,1,0,6,5,0,8,7
20200607NCHH0,20200607,NC,HH,T,W,27,123,31,5,1,0,0,0,1,5,1,2,2
20200607SSSK0,20200607,SK,SS,B,L,27,143,32,9,0,0,1,2,2,8,2,3,3
20200607SSSK0,20200607,SS,SK,T,W,27,147,33,6,0,0,0,0,3,9,1,0,0
20200609HHLT0,20200609,LT,HH,B,W,27,132,35,10,1,0,1,0,4,6,2,3,3
20200609HHLT0,20200609,HH,LT,T,L,24,138,37,16,4,1,1,1,1,7,1,9,9
20200609HTKT0,20200609,KT,HT,B,L,27,158,30,5,2,0,1,0,2,7,1,3,3
20200609HTKT0,20200609,HT,KT,T,W,27,152,34,7,1,1,1,0,2,12,0,2,2
20200609OBNC0,20200609,NC,OB,B,W,27,169,35,11,4,0,1,0,5,10,2,8,8
20200609OBNC0,20200609,OB,NC,T,L,24,171,34,12,4,0,1,0,7,9,1,12,12
20200609SKLG0,20200609,LG,SK,B,L,30,153,38,10,4,0,1,0,5,5,0,5,5
20200609SKLG0,20200609,SK,LG,T,W,30,196,39,11,0,0,1,1,8,7,2,3,2
20200609WOSS0,20200609,SS,WO,B,L,27,172,36,11,3,0,1,0,7,7,1,5,5
20200609WOSS0,20200609,WO,SS,T,W,27,152,35,11,2,0,0,3,4,7,2,3,3
20200610HHLT0,20200610,LT,HH,B,W,27,126,33,6,1,0,0,0,0,5,0,2,1
20200610HHLT0,20200610,HH,LT,T,L,24,187,39,14,2,1,2,2,6,9,0,12,11
20200610HTKT0,20200610,KT,HT,B,L,15,116,21,7,1,0,1,0,10,3,0,10,8
20200610HTKT0,20200610,HT,KT,T,W,15,59,18,3,0,0,0,0,0,3,0,0,0
20200610OBNC0,20200610,NC,OB,B,L,27,180,35,11,1,0,3,0,6,5,2,9,9
20200610OBNC0,20200610,OB,NC,T,W,27,127,34,7,0,1,1,0,0,5,0,1,1
20200610WOSS0,20200610,SS,WO,B,W,27,139,29,4,1,1,0,0,3,7,2,1,1
20200610WOSS0,20200610,WO,SS,T,L,24,138,30,8,2,0,1,1,3,4,0,4,2
20200611HHLT0,20200611,LT,HH,B,W,27,126,28,5,0,0,0,0,6,8,1,0,0
20200611HHLT0,20200611,HH,LT,T,L,24,160,32,10,3,0,0,0,6,6,0,5,5
20200611HTKT0,20200611,KT,HT,B,W,27,167,41,15,2,0,3,0,1,9,1,8,8
20200611HTKT0,20200611,HT,KT,T,L,24,145,39,16,2,0,3,0,5,5,1,13,12
20200611OBNC0,20200611,NC,OB,B,W,27,176,37,11,3,0,1,0,3,10,1,5,5
20200611OBNC0,20200611,OB,NC,T,L,24,127,37,14,4,0,1,0,0,5,0,7,7
20200611SKLG1,20200611,LG,SK,B,W,27,134,34,6,1,0,0,2,1,8,0,1,1
20200611SKLG1,20200611,SK,LG,T,L,24,155,32,10,1,0,1,0,4,4,1,3,3
20200611SKLG2,20200611,LG,SK,B,W,27,147,34,9,0,0,2,0,2,10,0,3,3
20200611SKLG2,20200611,SK,LG,T,L,24,118,26,4,2,0,1,1,6,5,0,4,4
20200611WOSS0,20200611,SS,WO,B,W,27,130,33,6,0,1,1,0,3,5,1,3,3
20200611WOSS0,20200611,WO,SS,T,L,24,117,32,7,0,0,3,3,3,5,0,6,6
20200612HTSK0,20200612,SK,HT,B,L,27,153,34,9,1,0,2,1,4,12,1,6,6
20200612HTSK0,20200612,HT,SK,T,W,27,126,30,5,0,1,0,0,4,8,1,3,3
20200612LTLG0,20200612,LG,LT,B,W,30,160,36,9,0,0,0,1,7,8,1,2,2
20200612LTLG0,20200612,LT,LG,T,L,28,133,28,4,1,0,0,1,3,8,0,3,2
20200612OBHH0,20200612,HH,OB,B,L,27,149,35,9,3,0,2,1,5,5,1,5,5
20200612OBHH0,20200612,OB,HH,T,W,27,151,32,5,1,0,0,1,4,9,0,2,1
20200612WONC0,20200612,NC,WO,B,L,30,138,34,4,2,0,1,0,4,11,0,3,2
20200612WONC0,20200612,WO,NC,T,W,30,159,35,8,2,0,0,1,5,6,2,2,2
20200613HTSK0,20200613,SK,HT,B,L,27,136,31,6,1,0,1,0,2,10,0,2,2
20200613HTSK0,20200613,HT,SK,T,W,27,130,30,5,0,0,0,1,2,9,3,1,0
20200613KTSS1,20200613,SS,KT,B,W,27,141,32,6,1,0,2,1,2,5,0,3,3
20200613KTSS1,20200613,KT,SS,T,L,24,140,29,7,1,0,2,0,3,6,0,5,5
20200613KTSS2,20200613,SS,KT,B,L,27,181,33,8,2,0,2,0,9,10,2,7,7
20200613KTSS2,20200613,KT,SS,T,W,27,170,35,8,1,0,1,1,4,4,0,4,4
20200613LTLG0,20200613,LG,LT,B,L,27,185,34,8,0,0,1,0,9,8,1,7,6
20200613LTLG0,20200613,LT,LG,T,W,27,156,36,10,1,0,1,1,2,11,0,6,6
20200613OBHH0,20200613,HH,OB,B,W,27,165,35,11,1,0,3,0,11,10,1,6,6
20200613OBHH0,20200613,OB,HH,T,L,26,164,35,10,1,0,2,0,7,8,1,7,7
20200613WONC0,20200613,NC,WO,B,L,27,206,44,17,3,1,5,0,6,11,0,18,17
20200613WONC0,20200613,WO,NC,T,W,27,144,35,11,1,0,0,0,6,7,3,5,5
20200614HTSK0,20200614,SK,HT,B,W,27,145,34,7,1,0,1,0,2,4,1,3,3
20200614HTSK0,20200614,HT,SK,T,L,25,122,28,3,1,0,2,0,2,13,0,4,4
20200614KTSS0,20200614,SS,KT,B,W,27,130,38,11,3,0,0,0,1,7,0,0,0
20200614KTSS0,20200614,KT,SS,T,L,24,150,38,16,5,0,2,0,3,4,0,12,12
20200614LTLG0,20200614,LG,LT,B,W,27,147,41,16,2,0,1,2,1,3,3,6,6
20200614LTLG0,20200614,LT,LG,T,L,24,137,34,14,4,0,0,0,4,5,2,10,10
20200614OBHH0,20200614,HH,OB,B,W,27,143,37,9,1,0,0,0,2,6,0,2,0
20200614OBHH0,20200614,OB,HH,T,L,24,114,28,7,2,0,1,0,3,7,0,3,3
20200614WONC0,20200614,NC,WO,B,W,27,152,33,8,1,0,1,1,5,7,1,5,5
20200614WONC0,20200614,WO,NC,T,L,24,163,34,13,3,1,3,3,5,5,2,9,9
20200616KTSK0,20200616,SK,KT,B,L,30,180,37,9,1,0,1,1,9,5,0,6,5
20200616KTSK0,20200616,KT,SK,T,W,30,143,38,12,2,0,2,0,4,4,1,5,5
20200616LGHH0,20200616,HH,LG,B,L,27,157,40,15,2,1,2,1,3,2,1,9,9
20200616LGHH0,20200616,LG,HH,T,W,27,163,38,11,2,0,0,0,5,9,0,5,5
20200616LTWO0,20200616,WO,LT,B,L,27,149,35,10,1,0,1,3,4,3,0,7,5
20200616LTWO0,20200616,LT,WO,T,W,27,156,32,6,2,0,2,0,5,8,1,5,4
20200616NCHT0,20200616,HT,NC,B,W,27,167,36,10,3,0,0,1,3,12,1,4,4
20200616NCHT0,20200616,NC,HT,T,L,24,160,30,8,0,0,0,0,8,9,1,7,7
20200616SSOB0,20200616,OB,SS,B,L,27,151,32,8,3,0,0,0,4,11,1,4,3
20200616SSOB0,20200616,SS,OB,T,W,27,169,30,6,1,0,0,2,11,5,2,3,2
20200617KTSK0,20200617,SK,KT,B,L,30,202,39,12,3,0,1,3,7,11,2,6,5
20200617KTSK0,20200617,KT,SK,T,W,30,155,37,10,1,0,1,0,3,7,0,4,4
20200617LGHH0,20200617,HH,LG,B,L,27,151,35,13,1,0,0,1,4,3,1,7,5
20200617LGHH0,20200617,LG,HH,T,W,27,160,32,5,2,0,0,1,7,11,0,1,1
20200617LTWO0,20200617,WO,LT,B,W,27,134,33,9,2,0,1,1,2,7,2,3,3
20200617LTWO0,20200617,LT,WO,T,L,25,157,31,9,3,0,0,0,9,6,2,4,4
20200617NCHT0,20200617,HT,NC,B,W,27,154,34,7,1,0,1,3,5,6,1,6,4
20200617NCHT0,20200617,NC,HT,T,L,24,118,31,10,0,0,1,1,2,2,1,7,7
20200617SSOB0,20200617,OB,SS,B,L,27,169,38,10,3,0,1,1,3,9,2,6,6
20200617SSOB0,20200617,SS,OB,T,W,27,126,32,8,1,0,2,0,2,3,2,3,3
20200618KTSK0,20200618,SK,KT,B,L,27,165,37,13,2,0,0,5,4,10,1,5,5
20200618KTSK0,20200618,KT,SK,T,W,27,136,29,7,0,0,2,0,6,4,4,3,3
20200618LGHH0,20200618,HH,LG,B,L,27,178,36,11,2,0,1,3,10,7,1,9,7
20200618LGHH0,20200618,LG,HH,T,W,27,155,35,9,2,0,0,1,6,7,0,7,6
20200618LTWO0,20200618,WO,LT,B,W,30,132,37,10,2,0,0,1,1,4,3,2,1
20200618LTWO0,20200618,LT,WO,T,L,28,150,32,5,1,0,0,1,1,13,0,3,3
20200618SSOB0,20200618,OB,SS,B,W,27,133,29,6,1,0,0,1,4,1,4,3,1
20200618SSOB0,20200618,SS,OB,T,L,24,164,36,12,1,0,1,2,4,4,1,7,7
20200619HHNC0,20200619,NC,HH,B,W,27,120,31,4,3,0,1,0,1,12,0,1,1
20200619HHNC0,20200619,HH,NC,T,L,24,124,30,7,2,0,1,0,2,8,1,3,3
20200619LTKT0,20200619,KT,LT,B,W,30,146,44,14,3,0,3,1,5,2,0,8,8
20200619LTKT0,20200619,LT,KT,T,L,29,166,41,15,3,0,3,0,4,9,1,9,9
20200619OBLG0,20200619,LG,OB,B,L,27,197,46,20,3,1,0,0,9,5,1,18,18
20200619OBLG0,20200619,OB,LG,T,W,27,188,42,15,2,0,0,0,6,10,0,10,9
20200619SKWO0,20200619,WO,SK,B,W,27,115,33,8,0,0,0,0,1,6,2,1,1
20200619SKWO0,20200619,SK,WO,T,L,25,135,28,5,1,0,0,1,4,6,0,2,2
20200619SSHT0,20200619,HT,SS,B,W,27,164,30,7,0,0,0,2,7,7,2,4,4
20200619SSHT0,20200619,SS,HT,T,L,24,167,33,11,3,0,2,0,3,12,3,5,3
20200620HHNC0,20200620,NC,HH,B,L,27,153,33,9,4,0,0,1,2,10,1,4,4
20200620HHNC0,20200620,HH,NC,T,W,27,139,34,8,0,0,1,1,1,10,0,3,2
20200620LTKT0,20200620,KT,LT,B,L,27,162,41,14,5,0,0,0,6,6,0,8,8
20200620LTKT0,20200620,LT,KT,T,W,27,129,31,5,1,0,0,1,3,11,1,0,0
20200620OBLG0,20200620,LG,OB,B,L,27,150,36,11,5,1,1,1,4,9,1,8,8
20200620OBLG0,20200620,OB,LG,T,W,27,150,33,8,1,0,0,1,1,6,2,2,2
20200620SKWO0,20200620,WO,SK,B,W,27,125,36,10,0,0,1,1,2,6,1,3,2
20200620SKWO0,20200620,SK,WO,T,L,24,159,31,10,1,1,4,0,8,6,1,9,9
20200620SSHT0,20200620,HT,SS,B,W,27,163,36,9,4,0,0,2,2,6,0,3,3
20200620SSHT0,20200620,SS,HT,T,L,24,147,31,9,2,0,2,0,6,5,0,6,6
20200621HHNC0,20200621,NC,HH,B,W,27,170,34,7,0,1,0,0,9,5,0,7,7
20200621HHNC0,20200621,HH,NC,T,L,24,149,35,11,2,0,1,1,4,8,0,9,7
20200621LTKT0,20200621,KT,LT,B,W,27,130,35,9,0,0,0,0,1,7,1,2,2
20200621LTKT0,20200621,LT,KT,T,L,24,109,29,6,0,0,2,1,0,4,1,3,3
20200621OBLG0,20200621,LG,OB,B,L,27,195,36,8,3,0,0,1,9,7,1,3,3
20200621OBLG0,20200621,OB,LG,T,W,27,124,35,9,2,0,0,0,0,6,1,1,1
20200621SKWO0,20200621,WO,SK,B,W,27,119,32,4,1,1,1,0,2,9,1,2,2
20200621SKWO0,20200621,SK,WO,T,L,24,180,35,10,0,1,0,5,8,10,0,7,7
20200621SSHT0,20200621,HT,SS,B,L,27,175,43,17,2,0,3,0,2,6,3,12,11
20200621SSHT0,20200621,SS,HT,T,W,27,152,35,10,0,0,1,0,0,5,1,5,4
20200623HHSS0,20200623,SS,HH,B,W,27,176,37,12,2,0,1,0,5,9,0,4,4
20200623HHSS0,20200623,HH,SS,T,L,24,172,36,11,1,0,1,0,7,6,1,11,6
20200623HTLT0,20200623,LT,HT,B,W,27,135,35,11,1,0,1,1,2,4,3,3,3
20200623HTLT0,20200623,HT,LT,T,L,25,129,30,8,2,0,0,0,4,8,1,4,4
20200623NCKT0,20200623,KT,NC,B,L,27,132,31,7,2,0,1,0,3,4,0,4,4
20200623NCKT0,20200623,NC,KT,T,W,27,131,33,8,2,0,2,0,4,6,0,3,3
20200623OBSK0,20200623,SK,OB,B,L,27,184,42,13,5,0,1,1,5,7,0,9,8
20200623OBSK0,20200623,OB,SK,T,W,27,159,40,14,0,0,0,0,0,12,0,2,2
20200623WOLG0,20200623,LG,WO,B,L,27,167,40,14,1,1,4,0,6,7,1,8,7
20200623WOLG0,20200623,WO,LG,T,W,27,124,37,11,2,0,0,1,3,6,0,3,3
20200624HHSS0,20200624,SS,HH,B,W,27,148,31,7,2,0,1,0,5,5,3,2,2
20200624HHSS0,20200624,HH,SS,T,L,26,194,36,12,1,0,0,4,4,15,0,3,2
20200625HHSS0,20200625,SS,HH,B,L,27,156,39,13,0,1,1,0,5,7,1,9,9
20200625HHSS0,20200625,HH,SS,T,W,27,141,34,7,3,0,0,0,3,9,0,2,2
20200625NCKT1,20200625,KT,NC,B,L,27,138,32,6,1,0,2,0,5,5,0,3,3
20200625NCKT1,20200625,NC,KT,T,W,27,160,30,6,0,0,0,0,7,6,1,1,1
20200625NCKT2,20200625,KT,NC,B,W,27,132,37,10,1,0,1,0,1,2,1,6,2
20200625NCKT2,20200625,NC,KT,T,L,24,175,43,17,2,0,1,0,5,6,0,19,16
20200625OBSK1,20200625,SK,OB,B,L,27,190,45,18,1,1,4,0,8,3,0,14,14
20200625OBSK1,20200625,OB,SK,T,W,27,151,39,14,1,1,1,0,3,4,1,6,6
20200625OBSK2,20200625,SK,OB,B,W,27,108,31,4,0,0,0,0,2,9,0,0,0
20200625OBSK2,20200625,OB,SK,T,L,24,182,33,10,1,0,1,1,8,6,0,7,6
20200625WOLG1,20200625,LG,WO,B,L,27,171,33,9,2,0,1,1,7,4,1,5,5
20200625WOLG1,20200625,WO,LG,T,W,27,147,34,9,1,0,0,0,1,7,0,2,2
20200625WOLG2,20200625,LG,WO,B,L,27,161,33,7,2,0,1,0,8,10,0,8,8
20200625WOLG2,20200625,WO,LG,T,W,27,143,37,10,2,1,0,0,1,9,0,5,5
20200626HTWO0,20200626,WO,HT,B,L,27,171,36,12,2,0,2,1,5,8,3,8,8
20200626HTWO0,20200626,HT,WO,T,W,27,162,41,13,2,1,2,2,4,7,1,6,5
20200626KTHH0,20200626,HH,KT,B,W,27,163,35,10,0,0,1,0,3,8,1,4,4
20200626KTHH0,20200626,KT,HH,T,L,24,136,36,14,1,0,0,0,2,3,2,7,6
20200626LGSK0,20200626,SK,LG,B,W,27,134,27,3,0,0,0,0,6,4,2,0,0
20200626LGSK0,20200626,LG,SK,T,L,24,132,30,9,0,0,1,0,5,4,2,7,6
20200626NCOB0,20200626,OB,NC,B,L,27,166,32,11,1,1,0,1,5,7,4,9,8
20200626NCOB0,20200626,NC,OB,T,W,27,145,32,7,2,0,0,0,5,4,2,3,3
20200626SSLT0,20200626,LT,SS,B,L,30,139,40,13,3,0,1,1,3,4,0,6,6
20200626SSLT0,20200626,SS,LT,T,W,30,136,39,9,2,0,1,2,2,4,0,4,4
20200627HTWO0,20200627,WO,HT,B,W,27,99,29,2,2,0,0,0,1,5,0,0,0
20200627HTWO0,20200627,HT,WO,T,L,24,147,29,5,2,1,0,0,5,5,0,2,2
20200627KTHH0,20200627,HH,KT,B,L,27,171,31,6,0,0,2,2,13,14,1,7,5
20200627KTHH0,20200627,KT,HH,T,W,27,159,33,7,0,0,0,1,3,6,1,2,2
20200627LGSK0,20200627,SK,LG,B,L,27,134,35,11,3,0,0,1,2,7,1,3,2
20200627LGSK0,20200627,LG,SK,T,W,27,115,30,3,0,0,0,0,2,6,0,0,0
20200627NCOB0,20200627,OB,NC,B,W,27,123,33,6,1,0,2,0,2,7,0,3,3
20200627NCOB0,20200627,NC,OB,T,L,24,150,33,13,1,0,2,0,5,4,1,12,12
20200627SSLT0,20200627,LT,SS,B,L,27,143,37,12,2,0,1,4,1,5,0,6,6
20200627SSLT0,20200627,SS,LT,T,W,27,150,29,6,0,0,0,0,4,9,1,1,1
20200628HTWO0,20200628,WO,HT,B,W,27,122,26,2,0,0,0,0,3,10,2,0,0
20200628HTWO0,20200628,HT,WO,T,L,24,125,29,6,0,0,0,0,3,12,0,1,1
20200628KTHH0,20200628,HH,KT,B,L,27,153,34,9,2,0,2,0,4,11,1,8,8
20200628KTHH0,20200628,KT,HH,T,W,27,144,33,8,2,0,1,0,2,7,1,4,4
20200628LGSK0,20200628,SK,LG,B,L,27,140,35,10,1,0,1,0,2,4,0,4,3
20200628LGSK0,20200628,LG,SK,T,W,27,122,32,5,1,0,0,0,1,9,0,0,0
20200628NCOB0,20200628,OB,NC,B,L,27,166,38,12,1,0,3,0,2,8,0,5,5
20200628NCOB0,20200628,NC,OB,T,W,27,120,33,5,0,0,0,0,2,7,0,0,0
20200628SSLT0,20200628,LT,SS,B,W,27,98,32,5,0,0,1,1,0,3,0,3,3
20200628SSLT0,20200628,SS,LT,T,L,24,164,34,10,4,0,1,2,3,5,0,7,7
20200630KTLG0,20200630,LG,KT,B,W,33,215,40,10,2,0,0,2,11,8,1,3,3
20200630KTLG0,20200630,KT,LG,T,L,31,156,38,10,2,0,1,1,3,4,1,4,4
20200630LTNC0,20200630,NC,LT,B,L,33,190,43,15,1,0,3,0,11,4,2,10,9
20200630LTNC0,20200630,LT,NC,T,W,33,174,40,11,2,0,3,0,7,8,1,8,8
20200630OBWO0,20200630,WO,OB,B,W,27,132,33,7,2,0,1,0,2,5,1,2,2
20200630OBWO0,20200630,OB,WO,T,L,24,163,35,14,6,0,0,1,4,9,0,11,10
20200630SKSS0,20200630,SS,SK,B,W,27,135,32,5,1,0,1,0,1,7,1,1,1
20200630SKSS0,20200630,SK,SS,T,L,24,155,32,8,2,0,1,1,5,10,0,4,4
20200701HHHT0,20200701,HT,HH,B,W,27,153,32,12,1,0,0,0,4,4,4,3,3
20200701HHHT0,20200701,HH,HT,T,L,26,141,35,11,1,0,0,0,5,8,0,4,4
20200701KTLG0,20200701,LG,KT,B,L,27,153,44,19,4,0,3,0,1,6,2,11,10
20200701KTLG0,20200701,KT,LG,T,W,27,138,33,9,1,0,0,0,5,5,2,5,5
20200701LTNC0,20200701,NC,LT,B,W,27,129,30,6,2,0,1,0,1,11,1,2,2
20200701LTNC0,20200701,LT,NC,T,L,24,120,29,6,1,0,2,1,4,3,0,6,5
20200701OBWO0,20200701,WO,OB,B,L,27,163,42,19,3,0,1,0,3,4,2,14,14
20200701OBWO0,20200701,OB,WO,T,W,27,136,39,11,1,0,0,0,4,4,0,5,3
20200701SKSS0,20200701,SS,SK,B,W,27,112,30,4,0,0,1,0,1,7,1,1,1
20200701SKSS0,20200701,SK,SS,T,L,24,168,33,10,2,0,0,1,5,8,1,7,5
20200702HHHT0,20200702,HT,HH,B,W,27,163,32,9,0,0,1,0,7,7,3,1,1
20200702HHHT0,20200702,HH,HT,T,L,24,157,37,13,3,0,0,0,3,4,1,7,6
20200702KTLG0,20200702,LG,KT,B,L,30,183,41,15,2,0,2,1,3,10,2,4,4
20200702KTLG0,20200702,KT,LG,T,W,30,111,34,7,1,0,0,0,0,4,2,3,3
20200702LTNC0,20200702,NC,LT,B,W,27,167,35,10,2,0,1,1,7,5,1,7,7
20200702LTNC0,20200702,LT,NC,T,L,24,170,38,14,1,0,1,1,1,7,0,9,6
20200702OBWO0,20200702,WO,OB,B,W,27,180,37,10,1,0,0,0,9,7,1,7,6
20200702OBWO0,20200702,OB,WO,T,L,24,167,38,16,3,1,2,0,6,6,1,10,10
20200702SKSS0,20200702,SS,SK,B,W,27,140,35,10,2,0,0,0,1,7,1,2,2
20200702SKSS0,20200702,SK,SS,T,L,24,162,32,11,1,0,1,0,6,9,1,6,6
20200703HHOB0,20200703,OB,HH,B,W,27,152,32,5,1,0,0,1,4,10,0,1,1
20200703HHOB0,20200703,HH,OB,T,L,24,137,28,7,1,0,1,0,6,5,1,2,2
20200703HTNC0,20200703,NC,HT,B,L,27,140,34,9,3,0,2,1,3,4,0,8,8
20200703HTNC0,20200703,HT,NC,T,W,27,133,34,9,0,1,0,1,2,6,2,2,2
20200703LGSS0,20200703,SS,LG,B,W,24,168,33,10,1,0,4,0,4,8,0,7,7
20200703LGSS0,20200703,LG,SS,T,L,21,106,32,11,2,2,0,2,1,7,0,9,4
20200703SKLT0,20200703,LT,SK,B,L,27,152,40,12,1,0,2,0,2,7,1,7,5
20200703SKLT0,20200703,SK,LT,T,W,25,172,32,9,3,0,0,1,9,2,0,4,4
20200703WOKT0,20200703,KT,WO,B,W,27,156,33,6,1,0,1,1,5,8,1,2,2
20200703WOKT0,20200703,WO,KT,T,L,26,165,35,11,1,0,0,1,2,8,1,3,1
20200704HHOB0,20200704,OB,HH,B,L,27,138,36,10,5,0,0,1,3,5,1,6,6
20200704HHOB0,20200704,HH,OB,T,W,27,172,38,10,1,0,0,1,5,7,0,2,1
20200704HTNC0,20200704,NC,HT,B,W,27,127,32,8,0,0,0,0,5,6,2,2,2
20200704HTNC0,20200704,HT,NC,T,L,24,104,35,14,6,0,3,0,0,2,0,9,9
20200704LGSS0,20200704,SS,LG,B,W,36,184,42,8,3,0,1,0,6,10,0,6,6
20200704LGSS0,20200704,LG,SS,T,L,35,187,46,13,2,0,2,0,5,10,1,7,7
20200704SKLT0,20200704,LT,SK,B,W,27,159,36,10,0,0,2,0,2,7,1,4,4
20200704SKLT0,20200704,SK,LT,T,L,24,185,37,14,2,0,1,2,7,3,2,10,9
20200704WOKT0,20200704,KT,WO,B,L,27,142,33,12,4,0,1,1,5,3,3,10,10
20200704WOKT0,20200704,WO,KT,T,W,27,210,38,12,2,0,2,4,7,9,0,6,6
20200705HHOB0,20200705,OB,HH,B,W,27,142,35,10,2,0,0,1,1,8,1,4,4
20200705HHOB0,20200705,HH,OB,T,L,24,140,37,14,2,0,1,3,4,6,1,7,7
20200705HTNC0,20200705,NC,HT,B,W,27,155,33,8,1,0,1,0,4,5,2,6,6
20200705HTNC0,20200705,HT,NC,T,L,26,137,35,8,2,1,2,1,4,6,0,7,7
20200705LGSS0,20200705,SS,LG,B,L,27,193,35,7,0,0,1,1,10,4,0,7,7
20200705LGSS0,20200705,LG,SS,T,W,27,154,37,11,5,0,1,1,1,7,1,3,3
20200705SKLT0,20200705,LT,SK,B,L,27,141,34,10,2,0,2,1,4,9,0,6,6
20200705SKLT0,20200705,SK,LT,T,W,27,146,32,7,2,0,0,0,3,10,2,3,3
20200705WOKT0,20200705,KT,WO,B,W,27,177,38,13,0,0,1,1,5,8,3,5,5
20200705WOKT0,20200705,WO,KT,T,L,24,153,35,14,1,0,2,0,2,6,1,10,10
20200707KTHT0,20200707,HT,KT,B,L,27,186,34,9,0,0,1,0,7,8,1,8,6
20200707KTHT0,20200707,KT,HT,T,W,27,141,32,5,2,0,1,0,5,9,0,2,2
20200707LGOB0,20200707,OB,LG,B,W,27,150,37,12,1,1,2,1,3,6,0,6,6
20200707LGOB0,20200707,LG,OB,T,L,24,146,35,14,2,0,1,0,3,1,1,9,8
20200707LTHH0,20200707,HH,LT,B,W,36,232,48,14,3,0,2,1,8,9,1,6,6
20200707LTHH0,20200707,LT,HH,T,L,34,186,43,10,3,0,2,1,6,7,0,7,5
20200707NCSK0,20200707,SK,NC,B,L,27,128,33,8,4,0,0,1,2,9,1,5,5
20200707NCSK0,20200707,NC,SK,T,W,27,147,36,12,1,0,0,0,4,8,2,4,4
20200707SSWO0,20200707,WO,SS,B,L,27,183,43,20,2,0,0,0,3,5,1,13,10
20200707SSWO0,20200707,SS,WO,T,W,27,144,29,6,0,0,0,0,3,5,3,2,2
20200708KTHT0,20200708,HT,KT,B,L,27,163,34,9,2,1,1,2,4,7,2,7,7
20200708KTHT0,20200708,KT,HT,T,W,27,141,35,9,1,0,1,0,1,9,0,4,4
20200708LGOB0,20200708,OB,LG,B,L,27,159,35,11,3,0,2,0,6,4,2,8,8
20200708LGOB0,20200708,LG,OB,T,W,27,155,41,15,1,0,0,1,2,9,1,5,5
20200708LTHH0,20200708,HH,LT,B,L,27,159,41,15,1,0,2,3,2,4,1,6,6
20200708LTHH0,20200708,LT,HH,T,W,27,140,32,6,2,0,0,0,3,10,1,2,2
20200708NCSK0,20200708,SK,NC,B,W,27,149,34,7,0,0,0,0,1,6,1,2,2
20200708NCSK0,20200708,NC,SK,T,L,24,124,30,7,0,0,2,0,3,5,1,3,3
20200708SSWO0,20200708,WO,SS,B,W,27,160,34,9,2,0,2,0,5,4,1,6,6
20200708SSWO0,20200708,SS,WO,T,L,24,147,32,10,0,0,2,1,7,4,0,7,7
20200709KTHT0,20200709,HT,KT,B,W,27,198,37,10,1,0,0,0,7,9,1,4,3
20200709KTHT0,20200709,KT,HT,T,L,24,155,32,10,3,0,2,0,10,6,0,10,10
20200709LGOB0,20200709,OB,LG,B,W,27,126,29,2,0,0,0,1,0,12,0,0,0
20200709LGOB0,20200709,LG,OB,T,L,24,126,33,12,1,0,2,0,3,3,1,6,6
20200709LTHH0,20200709,HH,LT,B,L,27,134,29,5,0,0,2,1,3,7,1,5,5
20200709LTHH0,20200709,LT,HH,T,W,27,155,35,8,2,0,0,0,3,5,1,3,1
20200709NCSK0,20200709,SK,NC,B,L,27,172,40,13,1,0,2,3,7,7,1,8,8
20200709NCSK0,20200709,NC,SK,T,W,27,132,29,4,0,0,1,1,4,7,1,2,2
20200709SSWO0,20200709,WO,SS,B,W,27,148,34,10,1,0,0,0,1,6,2,2,2
20200709SSWO0,20200709,SS,WO,T,L,24,140,29,7,1,2,0,2,8,2,0,4,4
20200710NCLG0,20200710,LG,NC,B,L,27,163,39,15,4,0,1,1,3,4,0,12,12
20200710NCLG0,20200710,NC,LG,T,W,27,141,30,5,1,0,0,0,4,5,0,2,2
20200710OBLT0,20200710,LT,OB,B,L,27,199,39,12,1,1,2,0,5,7,1,10,7
20200710OBLT0,20200710,OB,LT,T,W,27,128,32,7,1,0,2,1,2,6,1,5,5
20200710SKHH0,20200710,HH,SK,B,W,27,150,37,11,2,0,0,0,5,6,1,5,5
20200710SKHH0,20200710,SK,HH,T,L,24,158,29,5,1,0,1,1,8,4,0,6,3
20200710SSKT0,20200710,KT,SS,B,W,27,173,35,9,1,1,0,0,5,7,1,3,3
20200710SSKT0,20200710,SS,KT,T,L,24,157,34,13,3,0,2,0,4,8,1,8,7
20200710WOHT0,20200710,HT,WO,B,W,33,181,43,14,3,1,2,0,4,12,0,8,7
20200710WOHT0,20200710,WO,HT,T,L,31,178,45,15,1,0,3,0,6,4,0,9,9
20200711NCLG0,20200711,LG,NC,B,D,36,183,45,9,1,0,2,1,5,9,0,6,5
20200711NCLG0,20200711,NC,LG,T,D,36,201,46,13,3,0,2,0,5,14,0,6,6
20200711OBLT0,20200711,LT,OB,B,W,27,154,36,8,1,0,1,0,3,7,1,4,0
20200711OBLT0,20200711,OB,LT,T,L,24,129,33,9,1,0,0,0,3,3,1,5,4
20200711SKHH0,20200711,HH,SK,B,L,27,158,31,8,1,0,3,0,8,6,0,5,4
20200711SKHH0,20200711,SK,HH,T,W,27,162,30,6,1,0,1,3,9,8,1,3,3
20200711SSKT0,20200711,KT,SS,B,W,27,119,36,10,2,0,1,2,3,4,2,7,6
20200711SSKT0,20200711,SS,KT,T,L,24,162,35,13,2,0,1,0,5,5,1,10,10
20200711WOHT0,20200711,HT,WO,B,W,27,135,37,11,1,0,1,1,1,9,1,3,3
20200711WOHT0,20200711,WO,HT,T,L,24,191,35,11,1,0,3,2,6,6,0,8,8
20200713SKHH0,20200713,HH,SK,B,W,27,156,31,3,1,0,0,0,6,9,0,2,1
20200713SKHH0,20200713,SK,HH,T,L,24,122,31,9,2,0,1,0,3,4,1,4,4
20200713WOHT0,20200713,HT,WO,B,W,27,133,31,4,0,0,2,0,0,12,0,3,3
20200713WOHT0,20200713,WO,HT,T,L,24,200,39,16,5,1,3,0,4,4,2,13,13
20200714HHKT0,20200714,KT,HH,B,W,27,124,31,8,2,0,1,0,2,6,3,2,2
20200714HHKT0,20200714,HH,KT,T,L,24,147,33,10,2,0,2,0,3,8,0,7,6
20200714HTSS0,20200714,SS,HT,B,W,27,132,32,8,1,0,0,0,1,5,2,0,0
20200714HTSS0,20200714,HT,SS,T,L,24,145,27,9,1,0,2,0,6,4,3,5,5
20200714LGLT0,20200714,LT,LG,B,W,27,113,28,2,1,0,0,0,1,5,1,0,0
20200714LGLT0,20200714,LG,LT,T,L,24,126,31,10,2,0,0,0,5,6,1,5,4
20200714NCWO0,20200714,WO,NC,B,W,27,132,30,3,0,0,1,0,1,8,0,1,1
20200714NCWO0,20200714,NC,WO,T,L,24,130,31,10,2,0,2,0,5,4,3,5,5
20200714SKOB0,20200714,OB,SK,B,L,27,167,40,14,0,0,1,1,5,5,0,12,11
20200714SKOB0,20200714,SK,OB,T,W,27,149,38,12,0,2,1,2,1,6,0,7,7
20200715HHKT0,20200715,KT,HH,B,L,27,159,38,11,1,0,0,0,5,7,0,7,7
20200715HHKT0,20200715,HH,KT,T,W,27,178,36,10,1,0,0,0,4,15,0,3,3
20200715HTSS0,20200715,SS,HT,B,L,27,171,35,10,0,0,1,0,3,6,0,5,4
20200715HTSS0,20200715,HT,SS,T,W,27,145,30,6,0,0,1,0,3,13,2,2,2
20200715LGLT0,20200715,LT,LG,B,L,27,157,40,14,3,1,1,0,3,8,0,9,9
20200715LGLT0,20200715,LG,LT,T,W,27,139,37,12,0,0,3,1,2,7,0,3,3
20200715NCWO0,20200715,WO,NC,B,W,27,127,34,11,1,1,1,0,3,3,3,4,4
20200715NCWO0,20200715,NC,WO,T,L,24,169,32,10,2,0,1,2,7,7,1,7,7
20200715SKOB0,20200715,OB,SK,B,W,27,155,35,10,0,0,0,1,1,10,0,2,2
20200715SKOB0,20200715,SK,OB,T,L,24,158,36,14,4,0,1,2,3,2,1,7,7
20200716HHKT0,20200716,KT,HH,B,W,27,122,32,6,0,0,0,0,0,8,0,1,1
20200716HHKT0,20200716,HH,KT,T,L,24,130,29,7,2,0,1,3,5,5,0,4,4
20200716HTSS0,20200716,SS,HT,B,W,27,163,32,8,2,0,1,0,7,8,1,7,7
20200716HTSS0,20200716,HT,SS,T,L,26,170,38,14,1,0,2,2,5,5,0,8,8
20200716LGLT0,20200716,LT,LG,B,W,27,183,38,16,1,0,1,1,7,4,3,10,10
20200716LGLT0,20200716,LG,LT,T,L,24,142,40,15,3,0,2,0,2,7,1,15,8
20200716NCWO0,20200716,WO,NC,B,L,27,188,40,14,2,1,1,0,6,10,1,9,9
20200716NCWO0,20200716,NC,WO,T,W,27,136,35,7,1,0,0,0,1,9,0,1,1
20200716SKOB0,20200716,OB,SK,B,W,27,130,34,7,0,0,1,5,3,6,2,2,1
20200716SKOB0,20200716,SK,OB,T,L,24,141,32,10,3,0,0,3,2,6,0,4,4
20200717HHLG0,20200717,LG,HH,B,W,27,145,29,3,1,0,0,0,3,9,1,0,0
20200717HHLG0,20200717,HH,LG,T,L,24,165,32,10,2,0,3,0,8,10,0,8,8
20200717KTNC0,20200717,NC,KT,B,D,36,199,44,9,2,0,0,1,3,9,0,3,3
20200717KTNC0,20200717,KT,NC,T,D,36,201,41,8,1,0,0,2,5,10,2,3,3
20200717LTSS0,20200717,SS,LT,B,W,27,165,38,13,3,0,1,1,3,5,1,10,7
20200717LTSS0,20200717,LT,SS,T,L,24,193,39,17,4,0,2,3,6,5,0,15,15
20200717OBHT0,20200717,HT,OB,B,W,27,119,31,7,0,0,0,1,2,2,2,2,2
20200717OBHT0,20200717,OB,HT,T,L,24,141,30,9,3,0,1,0,5,5,0,4,3
20200717WOSK0,20200717,SK,WO,B,W,27,204,38,13,2,0,2,4,9,10,0,9,9
20200717WOSK0,20200717,WO,SK,T,L,24,165,35,13,2,0,2,0,7,7,0,12,11
20200718HHLG0,20200718,LG,HH,B,W,27,149,32,8,1,0,0,0,5,2,3,1,1
20200718HHLG0,20200718,HH,LG,T,L,24,130,27,5,0,0,1,1,4,8,0,3,2
20200718KTNC0,20200718,NC,KT,B,W,27,110,29,3,0,0,1,0,2,10,1,1,1
20200718KTNC0,20200718,KT,NC,T,L,24,165,33,11,2,0,1,2,7,3,2,6,6
20200718LTSS0,20200718,SS,LT,B,W,27,143,32,7,1,0,0,1,5,4,2,2,2
20200718LTSS0,20200718,LT,SS,T,L,24,166,33,11,0,0,2,2,5,5,0,5,5
20200718OBHT0,20200718,HT,OB,B,L,27,173,32,12,2,0,0,0,8,1,2,6,6
20200718OBHT0,20200718,OB,HT,T,W,27,158,33,9,1,0,0,0,5,7,2,0,0
20200718WOSK0,20200718,SK,WO,B,L,27,139,32,7,1,0,2,3,4,6,0,4,4
20200718WOSK0,20200718,WO,SK,T,W,27,141,32,5,0,0,1,0,2,8,0,1,1
20200719HHLG0,20200719,LG,HH,B,W,27,129,34,8,2,0,0,0,3,14,0,2,2
20200719HHLG0,20200719,HH,LG,T,L,24,115,32,7,1,1,1,0,2,4,0,6,5
20200719KTNC0,20200719,NC,KT,B,W,27,144,32,5,0,0,1,0,1,9,0,2,2
20200719KTNC0,20200719,KT,NC,T,L,24,166,36,12,1,1,1,0,4,8,1,8,8
20200719LTSS0,20200719,SS,LT,B,L,27,130,29,6,1,0,1,0,1,7,3,2,2
20200719LTSS0,20200719,LT,SS,T,W,27,155,31,7,0,0,1,2,3,9,1,1,1
20200719OBHT0,20200719,HT,OB,B,L,27,137,37,11,3,0,1,2,5,4,0,8,8
20200719OBHT0,20200719,OB,HT,T,W,27,177,32,8,0,1,0,0,6,5,1,4,4
20200719WOSK0,20200719,SK,WO,B,W,27,134,33,7,0,0,1,1,4,4,1,3,3
20200719WOSK0,20200719,WO,SK,T,L,24,173,30,6,0,0,0,0,7,10,0,4,4
20200721HHHT0,20200721,HH,HT,B,L,27,222,41,16,2,0,2,0,9,8,2,10,9
20200722HHHT0,20200722,HH,HT,B,L,27,148,30,5,0,0,0,0,4,10,0,2,2
20200724HHSK0,20200724,HH,SK,B,L,27,165,34,8,1,0,3,1,5,13,0,7,7
20200726HHSK0,20200726,HH,SK,B,L,27,180,35,10,2,0,0,1,7,5,1,7,7
20200727HHSK0,20200727,HH,SK,B,D,27,138,32,10,3,0,1,1,4,5,3,5,5
20200729HHSS0,20200729,HH,SS,T,W,27,195,34,9,1,0,2,1,10,7,1,7,7
20200730HHSS0,20200730,HH,SS,T,L,33,196,36,6,2,0,0,3,8,12,0,2,1
20200731HHLG0,20200731,HH,LG,T,W,27,136,29,4,2,0,0,0,2,9,0,1,1
20200801HHLG0,20200801,HH,LG,T,L,24,161,39,15,3,0,0,0,2,7,0,9,7
20200805HHNC0,20200805,HH,NC,B,W,27,164,30,6,0,1,0,0,11,4,1,5,5
20200806HHNC0,20200806,HH,NC,B,L,27,173,32,8,1,0,2,0,7,4,1,4,4
20200809HHKT0,20200809,HH,KT,B,L,27,181,37,12,5,0,1,0,5,9,1,6,6
20200811HHWO0,20200811,HH,WO,T,W,36,235,45,12,1,0,1,2,8,13,0,5,4
20200812HHWO0,20200812,HH,WO,T,L,27,153,30,9,2,0,1,1,7,3,3,3,3
20200813HHWO0,20200813,HH,WO,T,L,24,125,31,11,1,1,1,1,3,4,1,6,6
20200814HHSS0,20200814,HH,SS,B,L,27,186,41,15,4,0,1,2,3,6,1,10,10
20200815HHSS0,20200815,HH,SS,B,L,27,153,29,3,0,0,1,0,4,11,0,2,2
20200816HHSS0,20200816,HH,SS,B,W,27,134,32,5,1,0,2,1,2,9,0,2,2
20200818HHSK0,20200818,HH,SK,T,L,24,146,31,8,2,0,2,0,7,4,0,9,4
20200819HHSK0,20200819,HH,SK,T,L,24,210,46,22,4,0,6,0,11,4,0,26,22
20200820HHKT0,20200820,HH,KT,B,L,27,144,31,6,0,0,1,3,4,5,1,3,3
20200821HHKT0,20200821,HH,KT,B,W,27,156,30,4,0,0,1,0,5,12,1,1,1
20200823HHLG0,20200823,HH,LG,T,W,27,159,30,6,1,0,0,0,7,8,3,3,3
20200824HHLG0,20200824,HH,LG,T,W,27,158,32,5,1,0,0,1,5,6,1,3,2
20200825HHNC0,20200825,HH,NC,T,L,24,150,38,15,3,0,6,1,2,7,0,11,11
20200826HHNC0,20200826,HH,NC,T,L,24,150,36,11,2,0,2,1,4,6,1,9,6
20200827HHSS0,20200827,HH,SS,B,W,27,128,32,8,0,0,0,1,1,6,1,0,0
20200829HHLT0,20200829,HH,LT,T,L,24,135,33,11,3,0,4,1,6,5,1,9,9
20200830HHLT0,20200830,HH,LT,T,L,24,145,34,10,3,0,0,2,3,6,1,6,2
20200901HHOB0,20200901,HH,OB,T,L,24,137,33,10,2,0,0,1,2,5,1,4,3
20200903HHWO0,20200903,HH,WO,B,L,27,168,34,9,0,0,1,2,5,8,0,6,6
20200904HHWO0,20200904,HH,WO,B,W,27,147,32,6,1,0,0,2,4,8,0,1,1
20200905HHHT0,20200905,HH,HT,B,L,27,156,36,13,4,0,0,0,6,5,1,5,5
20200906HHHT0,20200906,HH,HT,B,L,27,167,35,10,5,0,1,0,4,9,0,8,7
20200908HHSS0,20200908,HH,SS,T,W,30,173,36,7,1,0,0,2,3,6,0,2,2
20200909HHSS1,20200909,HH,SS,T,W,27,127,31,3,0,0,0,0,4,4,0,0,0
20200909HHSS0,20200909,HH,SS,T,D,27,163,31,7,0,0,1,2,4,11,0,4,4
20200910HHSK0,20200910,HH,SK,B,L,27,153,36,9,1,0,1,1,5,5,0,5,5
20200911HHSK0,20200911,HH,SK,B,L,27,139,33,8,3,0,0,0,2,5,0,4,3
20200912HHKT0,20200912,HH,KT,T,L,24,160,31,9,1,0,0,3,6,3,0,5,5
20200913HHKT0,20200913,HH,KT,T,L,27,154,33,12,1,0,0,0,3,11,2,5,5
20200915HHLG0,20200915,HH,LG,B,W,30,185,39,8,2,0,1,3,3,14,0,5,4
20200916HHLG0,20200916,HH,LG,B,L,27,162,40,15,8,0,0,0,6,5,2,11,10
20200917HHWO0,20200917,HH,WO,T,L,24,152,26,4,2,0,0,0,8,9,1,5,5
20200918HHWO0,20200918,HH,WO,T,W,27,135,31,4,2,0,0,1,3,9,0,0,0
20200919HHHT0,20200919,HH,HT,T,L,24,151,29,10,2,0,0,1,4,4,0,8,6
20200920HHHT0,20200920,HH,HT,T,W,27,157,33,9,1,0,1,0,4,7,1,3,3
20200922HHOB0,20200922,HH,OB,B,W,27,125,29,6,0,0,1,0,4,5,3,1,1
20200923HHOB0,20200923,HH,OB,B,W,27,165,37,11,5,0,0,0,5,6,0,5,5
20200721HTHH0,20200721,HT,HH,T,W,27,133,29,3,0,0,1,0,3,7,1,2,2
20200722HTHH0,20200722,HT,HH,T,W,27,153,29,4,1,0,0,0,5,14,1,1,1
20200725HTSS0,20200725,HT,SS,B,W,27,173,32,7,1,0,0,1,6,10,0,2,2
20200726HTSS0,20200726,HT,SS,B,W,27,157,36,12,4,0,1,1,4,4,0,5,5
20200730HTKT0,20200730,HT,KT,B,L,27,142,31,11,2,0,0,1,5,6,1,4,4
20200731HTLT0,20200731,HT,LT,T,W,27,130,33,6,2,0,0,0,3,5,3,2,1
20200801HTLT0,20200801,HT,LT,T,L,24,134,31,10,3,0,2,0,5,3,2,7,6
20200802HTLT0,20200802,HT,LT,T,L,24,161,34,11,4,0,0,0,4,6,2,8,7
20200804HTLG0,20200804,HT,LG,B,L,27,184,41,16,1,2,3,0,6,9,1,15,15
20200805HTLG0,20200805,HT,LG,B,L,27,161,35,11,3,0,2,0,5,10,2,6,6
20200806HTLG0,20200806,HT,LG,B,W,27,110,28,4,0,0,0,0,1,7,0,1,1
20200808HTNC0,20200808,HT,NC,B,W,27,160,31,6,1,2,0,2,9,6,1,2,2
20200809HTNC0,20200809,HT,NC,B,L,27,205,39,14,2,1,1,0,6,8,2,8,8
20200811HTLG0,20200811,HT,LG,T,W,27,157,36,9,2,0,1,0,1,11,0,4,4
20200812HTLG0,20200812,HT,LG,T,L,24,140,34,12,5,0,0,1,3,9,2,8,8
20200813HTLG0,20200813,HT,LG,T,L,24,127,29,8,1,0,2,0,5,6,0,4,4
20200814HTSK0,20200814,HT,SK,B,W,27,167,31,12,1,0,0,3,9,6,2,6,6
20200815HTSK0,20200815,HT,SK,B,W,27,137,33,9,2,0,0,0,3,1,2,3,3
20200816HTSK0,20200816,HT,SK,B,W,27,179,34,7,2,0,0,0,7,13,0,5,5
20200818HTLG0,20200818,HT,LG,T,L,27,170,37,12,1,0,2,1,2,13,2,6,5
20200819HTLG0,20200819,HT,LG,T,L,24,195,34,12,2,2,1,1,10,3,2,10,9
20200820HTNC0,20200820,HT,NC,B,L,27,170,45,21,3,0,1,3,3,6,0,14,14
20200821HTNC0,20200821,HT,NC,B,L,27,149,38,10,5,0,1,0,4,10,0,10,6
20200822HTWO0,20200822,HT,WO,T,L,24,144,32,10,1,0,1,1,5,6,2,4,4
20200823HTWO0,20200823,HT,WO,T,W,27,163,37,13,2,1,0,1,3,9,1,7,7
20200825HTOB0,20200825,HT,OB,T,L,24,174,37,15,1,0,3,0,5,2,1,10,8
20200826HTOB0,20200826,HT,OB,T,W,27,172,35,11,1,0,1,0,6,8,1,5,4
20200827HTSK0,20200827,HT,SK,T,L,24,140,36,14,4,0,2,1,3,6,0,10,5
20200828HTSK0,20200828,HT,SK,T,W,27,180,33,11,2,2,1,0,9,10,2,8,7
20200830HTKT1,20200830,HT,KT,B,W,27,162,37,10,1,1,1,1,3,10,0,5,4
20200830HTKT0,20200830,HT,KT,B,L,27,177,34,7,2,0,1,0,11,7,0,8,7
20200901HTSS0,20200901,HT,SS,B,W,27,121,30,4,0,0,0,0,1,5,2,0,0
20200903HTLT0,20200903,HT,LT,T,W,27,129,30,5,2,0,0,1,3,6,1,3,3
20200904HTLT0,20200904,HT,LT,T,W,27,158,29,5,0,0,0,0,6,10,2,3,3
20200904HTLT1,20200904,HT,LT,T,L,24,146,34,14,0,0,2,1,3,4,3,9,9
20200905HTHH0,20200905,HT,HH,T,W,27,141,33,8,2,0,1,0,3,11,1,4,4
20200906HTHH0,20200906,HT,HH,T,W,27,148,36,10,1,0,2,0,0,13,0,4,4
20200908HTLG0,20200908,HT,LG,B,W,27,160,35,11,3,1,0,0,8,3,2,2,2
20200910HTOB0,20200910,HT,OB,B,L,27,174,36,9,0,0,0,2,6,9,0,5,5
20200912HTNC0,20200912,HT,NC,T,W,27,155,32,6,1,0,1,1,3,7,0,3,3
20200913HTNC0,20200913,HT,NC,T,W,27,156,32,8,0,0,0,3,6,6,0,3,3
20200915HTSK0,20200915,HT,SK,B,L,27,190,40,17,1,0,2,3,10,5,3,16,15
20200916HTSK0,20200916,HT,SK,B,L,27,193,37,11,4,0,0,0,8,5,1,7,5
20200917HTSS0,20200917,HT,SS,T,W,27,153,33,7,0,0,0,0,3,11,0,2,2
20200918HTSS0,20200918,HT,SS,T,W,27,155,35,9,2,0,0,0,4,9,1,5,3
20200919HTHH0,20200919,HT,HH,B,W,27,108,31,5,0,0,0,0,0,11,0,0,0
20200920HTHH0,20200920,HT,HH,B,L,27,217,40,16,4,0,1,0,8,10,0,11,11
20200922HTWO0,20200922,HT,WO,B,L,27,131,32,5,1,0,0,0,3,3,0,2,1
20200923HTWO0,20200923,HT,WO,B,L,27,159,42,17,3,2,2,0,5,6,1,13,13
20200721KTLG0,20200721,KT,LG,B,W,27,168,38,13,4,0,2,0,6,7,1,9,9
20200724KTNC0,20200724,KT,NC,B,L,27,152,32,7,2,0,1,1,3,11,0,3,3
20200725KTNC0,20200725,KT,NC,B,W,27,150,31,6,0,0,0,0,4,3,0,2,2
20200726KTNC0,20200726,KT,NC,B,W,27,123,32,7,1,0,2,1,1,7,1,4,4
20200730KTHT0,20200730,KT,HT,T,W,27,136,33,8,3,0,0,0,2,8,1,1,1
20200731KTSK0,20200731,KT,SK,B,W,27,148,31,4,0,0,1,0,5,5,1,1,1
20200801KTSK0,20200801,KT,SK,B,W,27,135,32,6,1,0,0,0,2,5,1,0,0
20200804KTWO0,20200804,KT,WO,T,W,27,154,34,10,0,0,1,0,3,7,2,2,2
20200805KTWO0,20200805,KT,WO,T,L,24,183,40,15,2,0,1,0,6,7,0,12,7
20200806KTWO0,20200806,KT,WO,T,L,24,139,28,7,2,0,1,1,5,4,1,3,3
20200809KTHH0,20200809,KT,HH,T,W,27,170,34,8,1,0,1,0,3,12,1,3,2
20200811KTSK0,20200811,KT,SK,B,W,27,139,30,4,0,0,0,0,4,8,2,1,0
20200812KTSK0,20200812,KT,SK,B,L,27,177,36,12,3,0,1,1,10,5,1,11,11
20200813KTSK0,20200813,KT,SK,B,L,27,154,41,16,1,0,1,0,4,5,0,10,9
20200814KTOB0,20200814,KT,OB,T,W,36,213,45,10,0,0,2,2,8,9,1,3,3
20200815KTOB0,20200815,KT,OB,T,L,27,145,38,13,1,0,1,3,3,3,1,7,4
20200816KTOB0,20200816,KT,OB,T,W,27,140,28,3,1,0,0,1,7,6,2,1,1
20200818KTSS0,20200818,KT,SS,T,W,27,138,32,6,3,0,0,0,4,6,1,3,2
20200819KTSS0,20200819,KT,SS,T,W,27,122,34,11,0,0,0,0,2,7,3,4,4
20200820KTHH0,20200820,KT,HH,T,W,27,130,29,2,0,0,0,0,5,9,0,0,0
20200821KTHH0,20200821,KT,HH,T,L,24,136,35,11,2,0,1,0,2,6,1,5,5
20200823KTNC0,20200823,KT,NC,B,W,27,150,35,9,2,0,0,0,5,7,1,1,1
20200824KTNC0,20200824,KT,NC,B,W,27,139,34,8,0,0,0,1,3,4,1,1,1
20200825KTWO0,20200825,KT,WO,B,L,27,167,36,10,0,0,0,2,7,6,0,4,3
20200826KTWO0,20200826,KT,WO,B,W,30,153,36,8,0,1,2,1,3,6,1,5,5
20200827KTLG0,20200827,KT,LG,T,L,24,122,29,6,0,1,0,1,2,7,1,2,1
20200828KTLG0,20200828,KT,LG,T,L,33,177,40,12,3,0,0,0,5,6,2,6,6
20200830KTHT0,20200830,KT,HT,T,W,27,149,33,10,1,0,0,0,4,8,1,5,5
20200830KTHT1,20200830,KT,HT,T,L,24,126,34,10,2,0,1,1,4,1,1,7,4
20200901KTLT0,20200901,KT,LT,B,W,27,153,29,6,1,0,0,0,6,3,2,2,2
20200903KTSK0,20200903,KT,SK,B,W,27,126,32,8,1,0,0,1,5,2,2,2,2
20200904KTSK0,20200904,KT,SK,B,W,27,121,32,5,0,0,1,0,3,6,0,2,2
20200904KTSK1,20200904,KT,SK,B,W,27,119,34,10,2,0,2,0,0,6,0,5,5
20200905KTWO0,20200905,KT,WO,T,W,27,120,32,5,1,0,0,0,0,7,0,1,1
20200906KTWO0,20200906,KT,WO,T,W,27,167,34,9,2,0,2,0,4,10,1,7,7
20200908KTOB0,20200908,KT,OB,T,L,24,132,36,12,7,0,1,0,3,5,0,8,8
20200909KTOB0,20200909,KT,OB,T,W,33,161,41,10,2,0,0,1,3,6,0,2,2
20200910KTNC0,20200910,KT,NC,T,L,24,176,36,13,3,0,3,0,9,4,0,13,12
20200911KTNC0,20200911,KT,NC,T,L,24,154,37,13,4,0,3,2,3,7,0,9,9
20200912KTHH0,20200912,KT,HH,B,W,27,126,35,7,0,0,0,1,1,10,0,2,2
20200913KTHH0,20200913,KT,HH,B,W,27,167,30,6,1,0,0,2,7,6,0,4,3
20200915KTSS0,20200915,KT,SS,B,L,27,137,37,14,1,0,1,0,4,1,2,7,6
20200916KTSS0,20200916,KT,SS,B,W,27,171,39,14,1,0,0,0,6,4,1,6,6
20200917KTOB0,20200917,KT,OB,B,W,27,105,33,6,0,0,0,0,0,5,2,0,0
20200918KTOB0,20200918,KT,OB,B,W,33,159,41,11,1,0,1,0,2,4,1,4,3
20200919KTSK0,20200919,KT,SK,T,W,27,138,30,3,0,0,0,0,4,6,1,0,0
20200920KTSK0,20200920,KT,SK,T,W,27,141,28,3,1,0,0,0,3,4,3,2,1
20200922KTLT0,20200922,KT,LT,T,L,24,130,31,10,0,0,2,1,5,5,2,8,8
20200923KTLT0,20200923,KT,LT,T,W,27,170,33,9,1,0,1,0,8,7,3,5,5
20200721LGKT0,20200721,LG,KT,T,L,24,150,34,12,0,0,3,1,4,7,1,10,10
20200724LGOB0,20200724,LG,OB,T,W,27,134,31,8,3,0,0,1,4,4,2,1,1
20200725LGOB0,20200725,LG,OB,T,L,24,149,31,10,4,0,1,0,2,6,0,7,7
20200726LGOB0,20200726,LG,OB,T,W,27,163,32,8,2,0,1,0,7,5,1,3,3
20200728LGSK0,20200728,LG,SK,T,W,27,166,34,8,3,0,2,0,7,10,1,7,7
20200729LGSK0,20200729,LG,SK,T,W,27,146,40,14,1,0,4,2,4,5,0,6,6
20200730LGSK0,20200730,LG,SK,T,W,27,138,30,4,3,0,0,0,4,8,0,1,1
20200731LGHH0,20200731,LG,HH,B,L,27,137,34,10,1,0,0,0,2,4,0,2,2
20200801LGHH0,20200801,LG,HH,B,W,27,167,34,8,2,0,1,1,6,8,0,6,6
20200804LGHT0,20200804,LG,HT,T,W,27,146,36,8,1,0,1,0,4,10,0,5,3
20200805LGHT0,20200805,LG,HT,T,W,27,151,35,9,1,0,0,1,2,11,0,4,4
20200806LGHT0,20200806,LG,HT,T,L,24,177,35,12,3,0,4,2,7,8,1,13,13
20200807LGWO0,20200807,LG,WO,T,W,27,140,32,6,2,0,0,0,5,8,0,2,2
20200808LGWO0,20200808,LG,WO,T,L,24,132,32,9,1,0,1,1,3,7,1,5,5
20200809LGWO0,20200809,LG,WO,T,L,24,130,28,7,0,0,0,2,4,6,2,2,1
20200811LGHT0,20200811,LG,HT,B,L,27,172,35,11,3,0,0,0,7,3,1,8,8
20200812LGHT0,20200812,LG,HT,B,W,27,166,29,2,0,0,0,0,6,14,0,0,0
20200813LGHT0,20200813,LG,HT,B,W,27,124,32,5,1,0,1,1,1,8,0,2,1
20200814LGNC0,20200814,LG,NC,T,W,27,151,36,8,3,0,0,1,4,13,0,4,4
20200815LGNC0,20200815,LG,NC,T,W,27,149,34,10,0,0,2,0,3,13,1,4,4
20200816LGNC0,20200816,LG,NC,T,W,27,149,34,9,5,0,0,0,3,6,2,5,5
20200818LGHT0,20200818,LG,HT,B,W,30,178,40,11,2,0,0,0,5,8,0,5,5
20200819LGHT0,20200819,LG,HT,B,W,27,152,34,8,0,0,0,0,2,9,1,1,1
20200820LGWO0,20200820,LG,WO,T,L,24,149,31,8,2,0,0,2,7,6,1,6,6
20200821LGWO0,20200821,LG,WO,T,W,27,130,33,6,0,0,1,1,3,6,0,3,3
20200823LGHH0,20200823,LG,HH,B,L,27,132,31,6,1,0,1,0,4,6,0,4,2
20200824LGHH0,20200824,LG,HH,B,L,27,177,38,14,1,2,0,0,3,7,0,6,5
20200825LGSS0,20200825,LG,SS,T,L,24,114,31,7,1,0,2,0,0,4,0,4,4
20200826LGSS0,20200826,LG,SS,T,W,27,139,35,9,0,0,1,0,2,6,1,5,5
20200827LGKT0,20200827,LG,KT,B,W,27,142,29,2,1,0,0,0,6,5,0,0,0
20200828LGKT0,20200828,LG,KT,B,W,33,164,36,5,1,0,2,1,4,13,1,5,5
20200829LGOB0,20200829,LG,OB,B,D,27,140,35,11,3,0,1,2,3,3,0,5,5
20200830LGOB0,20200830,LG,OB,B,W,27,126,31,7,1,0,0,0,1,5,2,1,1
20200901LGSK0,20200901,LG,SK,T,W,27,166,35,10,0,0,0,1,6,8,1,5,5
20200903LGNC0,20200903,LG,NC,B,W,27,161,40,16,2,0,0,3,3,11,2,5,5
20200904LGNC0,20200904,LG,NC,B,D,36,235,46,13,1,0,0,3,7,15,0,5,5
20200906LGLT0,20200906,LG,LT,T,W,27,121,29,3,1,0,0,0,4,4,1,1,1
20200907LGLT0,20200907,LG,LT,T,L,24,172,39,16,6,0,2,0,6,4,1,12,12
20200908LGHT0,20200908,LG,HT,T,L,24,124,31,7,4,0,0,0,3,5,1,3,1
20200910LGWO0,20200910,LG,WO,B,W,27,136,32,6,1,0,1,0,3,7,0,1,1
20200911LGWO0,20200911,LG,WO,B,L,27,130,38,13,3,1,0,1,2,4,1,8,8
20200912LGSS0,20200912,LG,SS,B,L,27,151,32,7,0,1,2,1,4,8,1,5,5
20200913LGSS0,20200913,LG,SS,B,L,27,191,42,18,1,1,1,2,5,5,0,11,9
20200915LGHH0,20200915,LG,HH,T,L,30,161,38,11,1,0,0,0,7,10,2,6,6
20200916LGHH0,20200916,LG,HH,T,W,27,148,35,9,0,1,2,0,4,11,1,5,5
20200917LGLT0,20200917,LG,LT,B,W,27,127,34,8,2,0,0,0,0,5,2,1,1
20200918LGLT0,20200918,LG,LT,B,L,27,149,36,8,1,0,0,3,4,8,1,5,3
20200919LGOB0,20200919,LG,OB,T,W,27,164,36,10,2,0,2,0,3,8,1,6,6
20200920LGOB0,20200920,LG,OB,T,L,27,191,31,9,1,0,1,1,14,6,3,6,6
20200922LGSK0,20200922,LG,SK,B,W,27,141,31,3,0,0,1,1,1,9,0,2,2
20200923LGSK0,20200923,LG,SK,B,W,27,138,33,8,3,0,0,0,1,10,0,2,1
20200721LTSK0,20200721,LT,SK,T,L,24,166,34,13,1,0,3,2,4,6,1,8,8
20200724LTWO0,20200724,LT,WO,T,W,27,142,31,6,2,0,1,1,2,12,1,2,2
20200725LTWO0,20200725,LT,WO,T,W,27,145,27,3,1,0,0,0,7,8,1,3,3
20200726LTWO0,20200726,LT,WO,T,L,24,150,35,13,4,0,0,0,5,5,1,8,8
20200728LTNC0,20200728,LT,NC,B,W,27,185,42,17,3,0,2,2,4,7,1,9,8
20200731LTHT0,20200731,LT,HT,B,L,27,160,34,8,1,0,0,0,4,10,1,3,2
20200801LTHT0,20200801,LT,HT,B,W,27,147,34,9,2,0,1,0,2,9,1,3,3
20200802LTHT0,20200802,LT,HT,B,W,27,124,30,4,2,0,0,0,2,10,1,0,0
20200804LTSK0,20200804,LT,SK,T,W,27,120,31,6,1,0,0,0,2,6,1,0,0
20200806LTSK0,20200806,LT,SK,T,W,27,113,33,8,1,0,1,0,1,8,1,2,2
20200807LTOB0,20200807,LT,OB,T,W,27,117,35,11,1,0,0,2,1,2,1,4,4
20200808LTOB0,20200808,LT,OB,T,D,15,52,16,3,0,0,1,0,0,0,2,1,1
20200812LTNC0,20200812,LT,NC,B,W,27,157,35,9,1,0,0,0,5,8,0,4,4
20200813LTNC0,20200813,LT,NC,B,L,27,178,39,14,1,0,1,0,4,7,1,9,9
20200814LTWO0,20200814,LT,WO,B,W,27,141,32,5,2,0,0,0,3,7,1,1,0
20200815LTWO0,20200815,LT,WO,B,L,27,128,34,9,4,0,0,0,2,4,1,3,3
20200816LTWO0,20200816,LT,WO,B,L,27,155,35,9,5,0,1,1,5,4,0,6,6
20200818LTOB0,20200818,LT,OB,B,L,27,200,43,16,2,0,0,1,5,10,0,9,8
20200819LTOB0,20200819,LT,OB,B,W,27,137,28,6,0,0,1,0,5,6,3,3,3
20200820LTOB0,20200820,LT,OB,T,W,27,169,40,14,4,0,0,0,3,10,1,5,5
20200821LTOB0,20200821,LT,OB,T,L,27,151,31,5,0,0,0,0,4,6,0,1,1
20200822LTSS0,20200822,LT,SS,T,W,27,157,35,10,1,0,0,3,2,5,1,3,2
20200823LTSS0,20200823,LT,SS,T,W,27,149,31,4,0,0,0,0,4,7,0,0,0
20200825LTSK0,20200825,LT,SK,B,L,27,173,37,11,3,0,2,1,9,3,1,10,10
20200826LTSK0,20200826,LT,SK,B,W,27,131,29,4,0,0,1,1,2,7,2,1,1
20200827LTWO0,20200827,LT,WO,B,L,27,152,40,15,5,0,3,2,4,2,2,11,9
20200828LTWO0,20200828,LT,WO,B,L,27,196,36,11,3,0,2,5,7,7,0,8,7
20200829LTHH0,20200829,LT,HH,B,W,27,166,38,11,0,1,2,0,2,13,0,7,7
20200830LTHH0,20200830,LT,HH,B,W,27,127,33,6,1,0,0,1,2,6,0,2,2
20200901LTKT0,20200901,LT,KT,T,L,24,163,37,14,2,0,2,2,3,7,1,11,8
20200903LTHT0,20200903,LT,HT,B,L,27,133,36,10,1,0,2,0,1,7,0,4,4
20200904LTHT0,20200904,LT,HT,B,L,27,152,34,8,3,0,1,0,4,7,1,6,5
20200904LTHT1,20200904,LT,HT,B,W,27,166,37,10,2,0,1,1,3,11,1,7,7
20200906LTLG0,20200906,LT,LG,B,L,27,163,42,14,4,0,2,0,1,8,0,7,5
20200907LTLG0,20200907,LT,LG,B,W,27,181,40,16,2,0,1,0,3,9,2,6,5
20200908LTNC0,20200908,LT,NC,T,L,24,168,42,17,5,0,0,0,4,6,0,14,10
20200909LTNC0,20200909,LT,NC,T,W,30,194,42,11,4,1,1,1,5,9,1,5,5
20200910LTSS0,20200910,LT,SS,B,W,27,147,37,10,5,0,0,0,3,6,0,8,8
20200911LTSS0,20200911,LT,SS,B,W,27,162,36,8,0,0,2,0,1,9,0,4,3
20200912LTSK0,20200912,LT,SK,T,L,24,125,29,5,1,0,0,0,3,2,1,2,1
20200913LTSK0,20200913,LT,SK,T,L,24,96,27,4,0,0,2,1,2,5,1,3,3
20200915LTWO0,20200915,LT,WO,T,W,27,190,38,11,1,0,0,0,8,7,1,5,5
20200917LTLG0,20200917,LT,LG,T,L,24,158,34,8,0,0,2,1,4,6,0,9,9
20200918LTLG0,20200918,LT,LG,T,W,27,146,34,7,1,0,1,1,4,6,0,3,3
20200919LTNC0,20200919,LT,NC,B,W,27,127,34,10,0,0,1,1,2,7,2,1,1
20200920LTNC1,20200920,LT,NC,B,L,27,154,37,13,0,0,2,1,4,8,0,6,6
20200920LTNC0,20200920,LT,NC,B,L,27,146,35,10,1,1,0,2,2,6,1,7,7
20200922LTKT0,20200922,LT,KT,B,W,27,122,28,2,0,0,0,0,2,10,0,0,0
20200923LTKT0,20200923,LT,KT,B,L,27,167,42,16,3,0,1,1,4,5,0,10,9
20200721NCSS0,20200721,NC,SS,B,W,30,182,36,9,0,0,1,3,4,7,2,5,5
20200724NCKT0,20200724,NC,KT,T,W,27,154,33,6,1,0,1,2,6,10,0,2,1
20200725NCKT0,20200725,NC,KT,T,L,24,141,29,8,4,0,1,0,4,9,2,6,6
20200726NCKT0,20200726,NC,KT,T,L,24,138,34,8,0,0,3,2,2,8,1,5,3
20200728NCLT0,20200728,NC,LT,T,L,27,168,36,14,3,0,2,0,8,6,1,11,11
20200731NCOB0,20200731,NC,OB,B,W,27,180,39,14,2,0,1,2,4,8,1,7,7
20200801NCOB0,20200801,NC,OB,B,L,30,186,45,17,2,1,0,2,4,9,1,12,11
20200802NCOB0,20200802,NC,OB,B,L,36,201,48,15,5,0,0,2,2,8,2,7,6
20200805NCHH0,20200805,NC,HH,T,L,24,158,33,12,2,0,1,0,7,5,2,8,7
20200806NCHH0,20200806,NC,HH,T,W,27,154,29,5,0,0,0,0,4,6,1,1,1
20200808NCHT0,20200808,NC,HT,T,L,24,122,28,4,1,0,1,0,0,9,0,3,3
20200809NCHT0,20200809,NC,HT,T,W,27,179,32,4,0,0,0,0,9,7,0,1,1
20200812NCLT0,20200812,NC,LT,T,L,24,148,33,13,3,0,1,0,6,4,1,8,8
20200813NCLT0,20200813,NC,LT,T,W,27,120,33,7,1,0,0,0,0,6,1,2,2
20200814NCLG0,20200814,NC,LG,B,L,27,206,43,18,2,1,4,0,5,6,1,10,10
20200815NCLG0,20200815,NC,LG,B,L,27,177,40,15,4,0,2,0,4,9,0,13,13
20200816NCLG0,20200816,NC,LG,B,L,27,163,32,7,0,0,2,0,8,3,1,6,3
20200818NCWO0,20200818,NC,WO,B,W,27,136,34,7,0,0,0,1,1,6,0,1,1
20200819NCWO0,20200819,NC,WO,B,L,27,152,35,8,3,0,1,1,5,5,1,6,5
20200820NCHT0,20200820,NC,HT,T,W,27,147,33,5,0,0,0,0,6,10,0,2,1
20200821NCHT0,20200821,NC,HT,T,W,27,149,34,9,0,0,2,1,3,5,0,4,4
20200823NCKT0,20200823,NC,KT,T,L,24,160,34,13,2,0,3,0,8,6,1,10,10
20200824NCKT0,20200824,NC,KT,T,L,24,158,37,14,1,0,1,1,4,9,0,8,8
20200825NCHH0,20200825,NC,HH,B,W,27,179,37,11,1,1,0,0,6,9,1,3,3
20200826NCHH0,20200826,NC,HH,B,W,27,156,34,7,1,0,1,0,5,8,2,5,5
20200827NCOB0,20200827,NC,OB,B,W,27,151,37,13,6,0,0,0,2,4,1,2,2
20200828NCOB0,20200828,NC,OB,B,L,27,197,46,18,1,0,4,0,6,4,0,11,11
20200829NCSK0,20200829,NC,SK,B,W,27,135,35,9,0,0,2,0,2,5,1,5,5
20200830NCSK0,20200830,NC,SK,B,W,27,132,33,7,1,0,3,0,3,7,0,4,4
20200901NCWO0,20200901,NC,WO,T,W,27,135,33,6,2,0,0,0,2,7,0,2,2
20200902NCWO0,20200902,NC,WO,T,L,24,164,31,7,2,0,0,1,10,7,0,6,5
20200903NCLG0,20200903,NC,LG,T,L,24,131,32,9,1,0,1,0,2,8,2,6,2
20200904NCLG0,20200904,NC,LG,T,D,36,222,46,13,3,1,0,2,9,14,1,5,5
20200906NCSS0,20200906,NC,SS,T,L,24,147,34,10,0,0,3,0,3,5,0,5,5
20200908NCLT0,20200908,NC,LT,B,W,27,149,33,6,1,0,0,1,5,6,0,2,2
20200909NCLT0,20200909,NC,LT,B,L,30,184,36,8,3,0,0,0,10,7,0,7,7
20200910NCKT0,20200910,NC,KT,B,W,27,126,32,8,0,1,4,0,4,7,1,8,8
20200911NCKT0,20200911,NC,KT,B,W,27,153,31,6,0,1,1,0,6,10,1,1,1
20200912NCHT0,20200912,NC,HT,B,L,27,188,40,14,5,0,2,0,8,2,0,11,10
20200913NCHT0,20200913,NC,HT,B,L,27,150,33,10,1,0,0,0,3,5,1,4,4
20200915NCOB0,20200915,NC,OB,T,L,24,128,30,8,3,0,0,0,4,3,0,7,5
20200916NCOB0,20200916,NC,OB,T,W,27,133,32,7,1,0,0,0,1,6,1,3,3
20200917NCSK0,20200917,NC,SK,T,W,27,124,30,4,0,0,0,1,2,11,0,0,0
20200918NCSK0,20200918,NC,SK,T,W,27,145,31,8,2,0,3,0,6,4,1,5,5
20200919NCLT0,20200919,NC,LT,T,L,24,167,30,7,1,0,2,0,8,8,1,5,5
20200920NCLT1,20200920,NC,LT,T,W,27,182,36,11,0,0,0,0,5,8,2,2,2
20200920NCLT0,20200920,NC,LT,T,W,27,148,35,8,1,0,1,0,3,9,1,2,1
20200922NCSS0,20200922,NC,SS,B,W,27,146,33,6,0,0,0,0,1,11,0,2,2
20200923NCSS0,20200923,NC,SS,B,W,27,143,36,10,2,1,1,2,2,11,0,7,7
20200721OBWO0,20200721,OB,WO,B,W,27,143,35,9,1,0,0,0,1,9,0,1,1
20200724OBLG0,20200724,OB,LG,B,L,27,170,40,15,2,1,2,1,6,3,1,8,8
20200725OBLG0,20200725,OB,LG,B,W,27,137,35,10,3,0,0,0,1,8,3,3,3
20200726OBLG0,20200726,OB,LG,B,L,27,139,33,7,0,1,0,2,2,8,1,4,2
20200728OBWO0,20200728,OB,WO,B,L,27,166,34,8,2,0,1,0,7,6,0,6,5
20200730OBWO0,20200730,OB,WO,B,L,27,139,34,13,2,0,1,2,4,2,2,8,8
20200731OBNC0,20200731,OB,NC,T,L,24,184,37,14,4,0,1,2,5,7,1,10,10
20200801OBNC0,20200801,OB,NC,T,W,30,189,45,15,4,0,2,2,7,8,0,10,9
20200802OBNC0,20200802,OB,NC,T,W,36,182,42,8,1,0,2,0,5,10,1,4,4
20200804OBSS0,20200804,OB,SS,B,L,27,166,34,7,2,0,1,1,7,10,0,6,6
20200805OBSS0,20200805,OB,SS,B,D,24,155,34,12,2,0,0,1,4,4,1,2,1
20200806OBSS0,20200806,OB,SS,B,W,27,172,38,11,0,0,0,3,2,7,0,2,2
20200807OBLT0,20200807,OB,LT,B,L,27,194,39,12,2,0,2,0,9,6,1,8,5
20200808OBLT0,20200808,OB,LT,B,D,18,88,22,6,1,0,0,0,1,6,1,1,1
20200811OBSS0,20200811,OB,SS,T,W,27,151,34,8,0,0,1,0,2,5,1,1,1
20200812OBSS0,20200812,OB,SS,T,W,27,169,42,16,4,0,2,0,1,6,1,8,8
20200813OBSS0,20200813,OB,SS,T,L,24,148,33,9,1,0,2,1,5,5,0,3,3
20200814OBKT0,20200814,OB,KT,B,L,36,194,47,12,3,0,0,2,1,7,0,5,4
20200815OBKT0,20200815,OB,KT,B,W,27,171,34,7,2,1,1,1,7,8,0,5,4
20200816OBKT0,20200816,OB,KT,B,L,27,157,35,11,5,0,0,1,3,5,1,4,2
20200818OBLT0,20200818,OB,LT,T,W,27,145,34,6,0,1,1,0,2,7,0,2,2
20200819OBLT0,20200819,OB,LT,T,L,24,113,31,10,3,0,0,4,1,3,1,7,6
20200820OBLT0,20200820,OB,LT,B,L,27,167,36,11,2,1,1,2,7,7,1,6,6
20200821OBLT0,20200821,OB,LT,B,W,27,144,31,3,1,0,0,2,2,8,0,0,0
20200822OBSK0,20200822,OB,SK,T,W,27,163,36,9,2,0,1,0,5,7,0,1,1
20200823OBSK0,20200823,OB,SK,T,W,27,165,34,9,1,1,0,0,5,7,0,1,1
20200825OBHT0,20200825,OB,HT,B,W,27,172,34,9,2,0,1,2,11,5,2,8,6
20200826OBHT0,20200826,OB,HT,B,L,27,177,41,15,1,0,1,0,4,5,0,7,7
20200827OBNC0,20200827,OB,NC,T,L,24,163,35,13,2,1,1,0,5,9,1,8,8
20200828OBNC0,20200828,OB,NC,T,W,27,145,35,10,1,1,1,0,4,4,1,4,4
20200829OBLG0,20200829,OB,LG,T,D,27,154,37,10,2,0,2,0,1,13,0,5,5
20200830OBLG0,20200830,OB,LG,T,L,24,162,30,8,2,0,1,2,6,6,1,4,4
20200901OBHH0,20200901,OB,HH,B,W,27,125,29,3,0,0,0,0,0,9,1,0,0
20200903OBSS0,20200903,OB,SS,T,L,24,178,35,16,5,1,1,1,4,6,2,11,10
20200904OBSS0,20200904,OB,SS,T,L,24,191,37,16,3,0,2,1,9,3,2,12,11
20200905OBSK0,20200905,OB,SK,B,W,27,117,30,5,0,0,1,0,2,7,1,1,1
20200906OBSK0,20200906,OB,SK,B,W,27,111,31,3,0,0,0,0,2,7,0,0,0
20200908OBKT0,20200908,OB,KT,B,W,27,157,33,6,1,0,0,0,5,7,0,0,0
20200909OBKT0,20200909,OB,KT,B,L,33,179,38,5,0,0,1,1,4,13,0,4,3
20200910OBHT0,20200910,OB,HT,T,W,27,162,32,7,0,1,1,0,4,7,0,4,4
20200912OBWO0,20200912,OB,WO,T,L,24,141,31,9,2,0,0,0,4,6,0,2,2
20200913OBWO0,20200913,OB,WO,T,D,36,242,49,13,1,0,0,2,11,15,0,6,6
20200915OBNC0,20200915,OB,NC,B,W,27,150,33,6,1,1,0,2,4,5,0,3,3
20200916OBNC0,20200916,OB,NC,B,L,27,158,34,8,1,0,2,2,4,10,0,5,4
20200917OBKT0,20200917,OB,KT,T,L,24,157,31,9,1,1,0,3,3,8,0,3,3
20200918OBKT0,20200918,OB,KT,T,L,30,183,40,11,1,0,2,0,5,11,1,5,5
20200919OBLG0,20200919,OB,LG,B,L,27,178,40,18,1,0,2,2,4,6,2,9,9
20200920OBLG0,20200920,OB,LG,B,W,27,158,37,10,3,1,2,0,1,11,0,5,5
20200922OBHH0,20200922,OB,HH,T,L,24,145,29,6,0,0,1,0,5,16,0,5,5
20200923OBHH0,20200923,OB,HH,T,L,24,159,34,12,3,0,1,1,3,13,1,6,6
20200721SKLT0,20200721,SK,LT,B,W,27,161,35,10,1,0,1,1,5,4,1,7,7
20200724SKHH0,20200724,SK,HH,T,W,27,163,29,5,0,0,0,1,7,11,1,4,4
20200726SKHH0,20200726,SK,HH,T,W,27,174,34,8,2,0,1,0,4,8,1,4,4
20200727SKHH0,20200727,SK,HH,T,D,27,156,29,5,3,0,0,1,5,5,2,5,5
20200728SKLG0,20200728,SK,LG,B,L,27,221,49,23,3,1,6,0,9,6,1,24,24
20200729SKLG0,20200729,SK,LG,B,L,27,179,36,13,0,0,3,1,9,7,2,11,11
20200730SKLG0,20200730,SK,LG,B,L,27,187,39,13,3,0,1,1,6,6,1,9,9
20200731SKKT0,20200731,SK,KT,T,L,24,175,39,16,3,0,4,0,3,8,0,11,11
20200801SKKT0,20200801,SK,KT,T,L,24,135,36,13,1,1,3,0,5,2,2,11,11
20200804SKLT0,20200804,SK,LT,B,L,27,170,41,15,3,0,1,0,5,2,1,8,8
20200806SKLT0,20200806,SK,LT,B,L,27,150,33,6,0,0,2,0,6,6,0,8,6
20200807SKSS0,20200807,SK,SS,B,L,27,147,29,6,1,0,1,2,6,7,1,2,2
20200808SKSS0,20200808,SK,SS,B,W,15,66,17,5,1,0,1,0,1,1,0,2,2
20200811SKKT0,20200811,SK,KT,T,L,24,170,31,11,2,0,1,0,6,8,2,6,6
20200812SKKT0,20200812,SK,KT,T,W,27,147,27,2,1,0,0,0,3,3,2,2,1
20200813SKKT0,20200813,SK,KT,T,W,27,195,36,10,2,0,1,1,11,17,1,6,6
20200814SKHT0,20200814,SK,HT,T,L,24,151,31,7,2,0,1,0,9,3,0,7,7
20200815SKHT0,20200815,SK,HT,T,L,24,142,41,17,2,1,1,0,3,5,0,10,10
20200816SKHT0,20200816,SK,HT,T,L,24,167,38,15,2,0,1,0,3,10,0,8,8
20200818SKHH0,20200818,SK,HH,B,W,27,181,32,6,2,0,0,0,11,16,0,3,3
20200819SKHH0,20200819,SK,HH,B,W,27,171,40,12,2,0,2,0,3,8,0,6,4
20200820SKSS0,20200820,SK,SS,B,L,27,167,35,9,2,0,0,2,6,9,1,8,5
20200821SKSS0,20200821,SK,SS,B,W,27,186,37,11,1,1,2,0,9,8,1,6,5
20200822SKOB0,20200822,SK,OB,B,L,27,168,39,12,1,0,2,2,5,9,0,8,6
20200823SKOB0,20200823,SK,OB,B,L,27,158,35,9,0,0,3,3,9,4,0,8,7
20200825SKLT0,20200825,SK,LT,T,W,27,175,38,11,1,0,1,0,4,6,1,8,7
20200826SKLT0,20200826,SK,LT,T,L,24,140,28,4,0,0,0,0,9,4,0,3,3
20200827SKHT0,20200827,SK,HT,B,W,27,139,33,8,2,0,0,0,3,12,0,4,4
20200828SKHT0,20200828,SK,HT,B,L,27,193,39,13,0,0,4,0,4,8,0,11,11
20200829SKNC0,20200829,SK,NC,T,L,24,153,35,14,3,0,2,1,4,4,1,9,9
20200830SKNC0,20200830,SK,NC,T,L,24,139,28,7,2,1,0,0,8,5,0,7,7
20200901SKLG0,20200901,SK,LG,B,L,27,193,38,11,3,0,3,0,9,10,0,13,11
20200903SKKT0,20200903,SK,KT,T,L,24,162,34,12,3,0,0,1,4,6,1,6,6
20200904SKKT0,20200904,SK,KT,T,L,24,162,35,13,3,0,3,2,3,7,0,10,10
20200904SKKT1,20200904,SK,KT,T,L,27,156,33,9,2,0,2,0,9,3,1,7,7
20200905SKOB0,20200905,SK,OB,T,L,24,159,29,6,1,0,0,0,9,5,0,5,5
20200906SKOB0,20200906,SK,OB,T,L,24,165,38,14,2,0,2,0,5,3,0,10,9
20200908SKWO0,20200908,SK,WO,B,L,27,196,43,17,4,0,5,0,6,7,1,16,16
20200909SKWO0,20200909,SK,WO,B,L,27,238,35,11,2,0,1,3,16,5,3,13,11
20200910SKHH0,20200910,SK,HH,T,W,27,127,30,5,0,0,0,0,4,9,2,1,1
20200911SKHH0,20200911,SK,HH,T,W,27,162,34,6,1,0,0,0,4,12,1,3,3
20200912SKLT0,20200912,SK,LT,B,W,27,145,30,6,0,0,0,0,5,6,1,1,1
20200913SKLT0,20200913,SK,LT,B,W,27,126,29,5,0,0,0,0,6,1,2,1,1
20200915SKHT0,20200915,SK,HT,T,W,27,138,29,5,0,0,0,0,5,4,3,1,1
20200916SKHT0,20200916,SK,HT,T,W,27,162,33,10,1,0,1,0,6,6,1,6,6
20200917SKNC0,20200917,SK,NC,B,L,27,146,34,9,1,0,2,1,3,6,1,3,3
20200918SKNC0,20200918,SK,NC,B,L,27,157,31,8,0,1,1,1,7,6,0,9,9
20200919SKKT0,20200919,SK,KT,B,L,27,157,34,8,0,0,0,1,6,11,1,5,2
20200920SKKT0,20200920,SK,KT,B,L,27,171,37,11,2,0,1,2,5,10,0,10,6
20200922SKLG0,20200922,SK,LG,T,L,24,149,30,7,1,0,0,2,5,5,2,7,7
20200923SKLG0,20200923,SK,LG,T,L,24,145,31,10,2,0,1,0,1,6,0,6,6
20200721SSNC0,20200721,SS,NC,T,L,27,162,38,13,3,0,3,0,3,7,0,6,6
20200725SSHT0,20200725,SS,HT,T,L,24,164,31,11,2,0,0,0,3,9,1,8,8
20200726SSHT0,20200726,SS,HT,T,L,24,170,37,12,2,1,0,0,4,5,0,8,6
20200729SSHH0,20200729,SS,HH,B,L,27,181,44,18,1,0,1,0,4,7,1,12,5
20200730SSHH0,20200730,SS,HH,B,W,33,181,37,3,0,0,0,0,6,12,0,1,0
20200731SSWO0,20200731,SS,WO,B,L,27,157,36,10,2,0,3,1,6,7,1,10,10
20200801SSWO0,20200801,SS,WO,B,L,27,246,48,23,7,0,1,1,12,6,0,22,21
20200802SSWO0,20200802,SS,WO,B,L,30,141,38,10,2,0,0,0,2,4,2,4,4
20200804SSOB0,20200804,SS,OB,T,W,27,138,36,9,1,0,1,0,1,4,0,3,2
20200805SSOB0,20200805,SS,OB,T,D,24,130,28,4,0,0,0,1,4,4,0,2,0
20200806SSOB0,20200806,SS,OB,T,L,24,140,31,7,1,1,0,0,4,7,0,5,5
20200807SSSK0,20200807,SS,SK,T,W,27,142,32,4,1,0,0,0,2,7,0,0,0
20200808SSSK0,20200808,SS,SK,T,L,15,80,19,3,2,1,0,0,3,0,0,4,2
20200811SSOB0,20200811,SS,OB,B,L,27,172,33,9,1,0,1,0,6,4,2,6,6
20200812SSOB0,20200812,SS,OB,B,L,27,166,45,24,2,0,2,0,3,2,3,15,15
20200813SSOB0,20200813,SS,OB,B,W,27,164,28,4,0,0,1,1,9,11,1,2,2
20200814SSHH0,20200814,SS,HH,T,W,27,144,29,4,1,0,0,0,3,8,1,1,1
20200815SSHH0,20200815,SS,HH,T,W,27,155,30,7,0,0,0,1,5,7,1,0,0
20200816SSHH0,20200816,SS,HH,T,L,24,109,26,2,1,0,0,0,5,4,1,3,3
20200818SSKT0,20200818,SS,KT,B,L,27,177,33,9,1,0,1,0,8,7,0,6,5
20200819SSKT0,20200819,SS,KT,B,L,27,165,31,6,1,0,1,0,5,8,1,6,6
20200820SSSK0,20200820,SS,SK,T,W,27,145,35,11,0,0,2,0,4,6,2,3,3
20200821SSSK0,20200821,SS,SK,T,L,24,123,32,12,2,0,0,0,8,2,0,8,8
20200822SSLT0,20200822,SS,LT,B,L,27,135,39,13,2,0,1,1,2,5,0,5,5
20200823SSLT0,20200823,SS,LT,B,L,27,167,37,10,2,0,3,1,6,7,0,11,8
20200825SSLG0,20200825,SS,LG,B,W,27,166,33,7,1,0,1,1,7,8,0,3,3
20200826SSLG0,20200826,SS,LG,B,L,27,138,36,10,1,0,4,0,3,7,0,8,8
20200827SSHH0,20200827,SS,HH,T,L,24,146,33,11,1,1,0,0,4,3,1,7,7
20200829SSWO0,20200829,SS,WO,T,W,27,119,30,8,2,0,0,0,3,3,3,4,4
20200830SSWO0,20200830,SS,WO,T,L,24,178,34,11,1,1,0,3,3,4,1,3,3
20200901SSHT0,20200901,SS,HT,T,L,24,188,31,9,2,0,1,0,9,9,0,6,6
20200903SSOB0,20200903,SS,OB,B,W,27,143,38,10,3,1,3,1,3,4,1,10,6
20200904SSOB0,20200904,SS,OB,B,W,27,160,32,8,1,0,0,0,5,12,2,5,5
20200906SSNC0,20200906,SS,NC,B,W,27,130,31,5,0,0,1,0,2,10,1,3,3
20200908SSHH0,20200908,SS,HH,B,L,30,173,36,10,2,0,0,0,3,9,0,4,4
20200909SSHH1,20200909,SS,HH,B,L,27,152,37,12,1,0,1,0,6,10,1,7,7
20200909SSHH0,20200909,SS,HH,B,D,27,137,38,10,1,0,2,0,3,5,1,4,4
20200910SSLT0,20200910,SS,LT,T,L,24,200,45,21,3,0,2,0,5,6,0,13,13
20200911SSLT0,20200911,SS,LT,T,L,24,182,37,14,2,0,1,0,8,8,1,12,12
20200912SSLG0,20200912,SS,LG,T,W,27,122,29,2,0,0,1,1,1,6,0,1,1
20200913SSLG0,20200913,SS,LG,T,W,27,110,31,4,1,0,0,0,1,10,0,0,0
20200915SSKT0,20200915,SS,KT,T,W,27,171,36,8,1,0,0,0,2,11,1,0,0
20200916SSKT0,20200916,SS,KT,T,L,24,190,43,19,4,0,1,0,3,8,0,11,11
20200917SSHT0,20200917,SS,HT,B,L,27,167,40,16,4,0,3,0,3,6,1,12,12
20200918SSHT0,20200918,SS,HT,B,L,27,207,39,15,2,0,2,0,8,4,1,13,13
20200919SSWO0,20200919,SS,WO,B,L,27,180,39,15,3,0,0,2,3,12,0,8,8
20200920SSWO0,20200920,SS,WO,B,W,27,161,37,13,2,0,1,0,4,7,3,6,6
20200922SSNC0,20200922,SS,NC,T,L,24,155,30,6,1,0,0,1,6,4,1,3,0
20200923SSNC0,20200923,SS,NC,T,L,24,143,30,10,1,0,1,0,5,7,2,8,8
20200721WOOB0,20200721,WO,OB,T,L,24,121,31,7,2,1,1,2,1,6,0,6,6
20200724WOLT0,20200724,WO,LT,B,L,27,176,33,9,1,0,0,2,6,8,1,4,4
20200725WOLT0,20200725,WO,LT,B,L,27,132,35,9,2,0,0,0,5,11,0,6,6
20200726WOLT0,20200726,WO,LT,B,W,27,133,34,8,3,0,0,1,3,4,2,1,0
20200728WOOB0,20200728,WO,OB,T,W,27,130,36,9,2,0,1,0,2,4,0,2,2
20200730WOOB0,20200730,WO,OB,T,W,27,141,36,10,0,0,2,2,4,8,0,5,5
20200731WOSS0,20200731,WO,SS,T,W,27,151,35,8,1,0,0,0,5,5,0,3,3
20200801WOSS0,20200801,WO,SS,T,W,27,185,34,8,4,0,0,0,6,8,0,7,6
20200802WOSS0,20200802,WO,SS,T,W,30,150,39,10,1,0,1,1,2,8,0,2,2
20200804WOKT0,20200804,WO,KT,B,L,27,143,32,11,1,0,0,1,4,9,3,4,4
20200805WOKT0,20200805,WO,KT,B,W,27,128,34,10,1,0,1,0,2,3,1,3,2
20200806WOKT0,20200806,WO,KT,B,W,27,122,32,4,1,0,1,1,2,9,0,2,2
20200807WOLG0,20200807,WO,LG,B,L,27,158,36,10,0,1,1,0,2,10,1,5,5
20200808WOLG0,20200808,WO,LG,B,W,27,128,32,8,2,0,1,0,3,4,0,1,1
20200809WOLG0,20200809,WO,LG,B,W,27,116,30,4,2,0,1,0,1,8,1,1,1
20200811WOHH0,20200811,WO,HH,B,L,36,215,44,10,1,0,1,0,8,10,0,7,5
20200812WOHH0,20200812,WO,HH,B,W,30,163,34,4,1,0,1,1,4,8,0,2,2
20200813WOHH0,20200813,WO,HH,B,W,27,157,32,9,0,0,0,0,6,10,2,3,3
20200814WOLT0,20200814,WO,LT,T,L,24,122,31,11,2,0,0,0,5,6,0,5,5
20200815WOLT0,20200815,WO,LT,T,W,27,121,35,7,0,0,0,0,1,6,1,1,0
20200816WOLT0,20200816,WO,LT,T,W,27,125,30,6,1,0,0,3,5,5,3,3,3
20200818WONC0,20200818,WO,NC,T,L,24,124,27,7,3,0,1,0,3,4,1,5,5
20200819WONC0,20200819,WO,NC,T,W,27,161,36,7,1,0,1,0,4,7,0,4,3
20200820WOLG0,20200820,WO,LG,B,W,27,166,36,9,1,0,1,1,2,9,1,5,5
20200821WOLG0,20200821,WO,LG,B,L,27,159,36,10,1,1,2,1,6,6,0,7,7
20200822WOHT0,20200822,WO,HT,B,W,27,153,34,7,0,0,0,2,3,10,0,3,1
20200823WOHT0,20200823,WO,HT,B,L,27,164,36,11,0,0,3,0,3,9,0,8,8
20200825WOKT0,20200825,WO,KT,T,W,27,127,32,5,2,0,0,0,1,7,0,1,1
20200826WOKT0,20200826,WO,KT,T,L,27,210,36,10,2,0,1,1,7,6,2,6,6
20200827WOLT0,20200827,WO,LT,T,W,27,168,36,12,2,0,0,0,6,5,2,6,6
20200828WOLT0,20200828,WO,LT,T,W,27,129,37,12,2,0,2,2,3,3,1,4,4
20200829WOSS0,20200829,WO,SS,B,L,27,142,37,10,2,0,0,1,2,10,0,5,5
20200830WOSS0,20200830,WO,SS,B,W,27,131,34,10,0,0,0,2,1,5,1,2,2
20200901WONC0,20200901,WO,NC,B,L,27,160,32,10,2,0,1,0,4,10,1,5,5
20200902WONC0,20200902,WO,NC,B,W,27,136,34,9,3,0,1,0,4,5,2,4,4
20200903WOHH0,20200903,WO,HH,T,W,27,157,38,11,2,0,1,0,6,8,0,5,3
20200904WOHH0,20200904,WO,HH,T,L,24,174,30,10,1,0,0,0,7,7,0,7,7
20200905WOKT0,20200905,WO,KT,B,L,27,183,37,11,1,0,2,0,6,8,0,8,8
20200906WOKT0,20200906,WO,KT,B,L,27,187,38,12,2,0,0,0,5,6,1,8,7
20200908WOSK0,20200908,WO,SK,T,W,27,186,45,16,4,0,3,0,5,8,0,15,12
20200909WOSK0,20200909,WO,SK,T,W,27,135,35,9,1,0,2,0,2,3,2,4,4
20200910WOLG0,20200910,WO,LG,T,L,24,149,35,10,2,0,1,0,5,7,0,6,4
20200911WOLG0,20200911,WO,LG,T,W,27,153,33,8,1,0,0,1,3,11,0,2,2
20200912WOOB0,20200912,WO,OB,B,W,27,123,29,4,1,0,0,0,2,8,2,0,0
20200913WOOB0,20200913,WO,OB,B,D,36,223,48,15,2,0,0,0,7,7,0,6,5
20200915WOLT0,20200915,WO,LT,B,L,27,162,33,10,3,0,1,0,5,3,2,8,8
20200917WOHH0,20200917,WO,HH,B,W,27,128,29,3,0,0,0,0,2,13,0,2,2
20200918WOHH0,20200918,WO,HH,B,L,27,149,36,8,1,0,0,0,1,10,0,2,1
20200919WOSS0,20200919,WO,SS,T,W,27,153,37,11,3,0,2,2,3,6,2,7,6
20200920WOSS0,20200920,WO,SS,T,L,24,192,42,18,0,0,3,1,5,6,1,14,9
20200922WOHT0,20200922,WO,HT,T,W,27,131,30,4,0,0,0,0,3,8,1,0,0
20200923WOHT0,20200923,WO,HT,T,W,27,133,32,5,0,0,1,0,2,7,0,1,1
20200924KTHT0,20200924,KT,HT,B,L,27,187,40,16,4,1,0,0,5,3,1,5,5
20200924HTKT0,20200924,HT,KT,T,W,27,154,34,8,2,0,0,0,3,11,0,3,2
20200924NCLG0,20200924,NC,LG,B,W,27,169,35,9,1,0,4,1,7,11,1,8,8
20200924LGNC0,20200924,LG,NC,T,L,24,193,39,17,4,0,2,0,5,4,1,12,12
20200924HHLT0,20200924,HH,LT,B,W,27,156,32,6,0,0,0,3,5,5,1,4,2
20200924LTHH0,20200924,LT,HH,T,L,24,144,36,15,4,0,1,2,4,8,2,7,7
20200924WOSK0,20200924,WO,SK,B,W,27,125,29,6,1,0,0,1,4,8,3,1,1
20200924SKWO0,20200924,SK,WO,T,L,24,122,32,9,1,0,0,2,3,7,0,6,6
20200924OBSS0,20200924,OB,SS,B,W,27,132,32,7,1,0,0,1,2,8,2,0,0
20200924SSOB0,20200924,SS,OB,T,L,24,130,26,1,0,0,0,0,6,5,0,1,1
20200925KTHT0,20200925,KT,HT,B,W,27,159,37,12,2,0,0,0,3,4,1,3,3
20200925HTKT0,20200925,HT,KT,T,L,24,150,31,12,1,0,2,1,7,1,2,7,7
20200925NCLG0,20200925,NC,LG,B,W,27,132,33,7,0,0,1,0,3,7,1,1,1
20200925LGNC0,20200925,LG,NC,T,L,24,172,30,9,2,1,1,2,9,10,1,7,5
20200925HHLT0,20200925,HH,LT,B,W,30,177,37,13,0,0,2,0,4,6,3,5,5
20200925LTHH0,20200925,LT,HH,T,L,30,158,40,13,2,0,3,0,7,7,1,6,6
20200925WOSK0,20200925,WO,SK,B,L,33,173,40,10,3,0,1,7,7,6,1,8,8
20200925SKWO0,20200925,SK,WO,T,W,33,195,45,17,4,0,0,2,4,11,1,6,5
20200925OBSS0,20200925,OB,SS,B,L,27,131,31,7,0,0,1,2,2,7,1,4,3
20200925SSOB0,20200925,SS,OB,T,W,27,133,32,7,1,1,0,0,2,6,0,3,3
20200926KTLG0,20200926,KT,LG,B,L,27,142,31,7,1,1,0,1,6,3,1,3,3
20200926LGKT0,20200926,LG,KT,T,W,27,157,31,7,2,0,0,2,4,5,0,1,1
20200926HTLT0,20200926,HT,LT,B,L,27,174,44,18,7,0,1,0,5,5,0,16,16
20200926LTHT0,20200926,LT,HT,T,W,27,163,34,8,1,0,0,0,6,7,2,3,3
20200926HHNC0,20200926,HH,NC,B,L,27,223,42,16,1,1,2,0,9,7,0,13,12
20200926NCHH0,20200926,NC,HH,T,W,27,130,36,9,2,0,1,0,1,7,0,1,1
20200926SSSK0,20200926,SS,SK,B,W,27,145,32,8,0,0,1,0,2,10,0,2,2
20200926SKSS0,20200926,SK,SS,T,L,24,148,33,12,1,0,3,0,4,3,2,8,8
20200926OBWO0,20200926,OB,WO,B,W,27,127,30,3,1,0,0,1,2,9,0,0,0
20200926WOOB0,20200926,WO,OB,T,L,24,113,31,9,2,1,0,0,2,3,0,4,4
20200927KTLG0,20200927,KT,LG,B,W,27,148,35,9,2,0,2,1,2,7,1,4,4
20200927LGKT0,20200927,LG,KT,T,L,24,121,28,8,1,0,1,1,7,2,3,5,4
20200927HTLT0,20200927,HT,LT,B,W,30,149,33,6,1,0,0,0,3,6,0,1,1
20200927LTHT0,20200927,LT,HT,T,L,30,162,37,9,1,1,0,0,4,8,0,2,2
20200927HHNC0,20200927,HH,NC,B,L,27,143,35,9,4,0,1,1,5,4,1,5,4
20200927NCHH0,20200927,NC,HH,T,W,27,156,31,5,1,0,0,0,5,9,1,4,2
20200927SSSK0,20200927,SS,SK,B,L,27,180,42,16,5,0,4,1,3,11,0,12,12
20200927SKSS0,20200927,SK,SS,T,W,27,155,30,3,0,0,0,1,6,7,0,1,1
20200927OBWO0,20200927,OB,WO,B,L,27,142,37,12,3,0,2,1,2,8,0,7,7
20200927WOOB0,20200927,WO,OB,T,W,27,146,31,7,0,0,0,2,5,7,1,3,2
20200927OBWO1,20200927,OB,WO,B,W,27,139,36,11,1,1,0,1,2,8,2,1,1
20200927WOOB1,20200927,WO,OB,T,L,24,131,29,10,3,1,0,0,6,3,1,6,5
