G_ID,GDAY_DS,T_ID,VS_T_ID,TB_SC,AB,RBI,RUN,HIT,H2,H3,HR,SB,BB,KK,GD,ERR,LOB
20200505HHSK0,20200505,SK,HH,B,29,0,0,2,0,0,0,0,1,2,0,0,3
20200505HHSK0,20200505,HH,SK,T,31,3,3,8,3,0,0,0,2,5,1,0,5
20200505LTKT0,20200505,KT,LT,B,30,2,2,5,1,0,1,0,5,8,1,0,6
20200505LTKT0,20200505,LT,KT,T,32,7,7,7,1,0,2,0,4,9,1,1,3
20200505NCSS0,20200505,SS,NC,B,30,0,0,3,0,0,0,0,6,8,0,0,9
20200505NCSS0,20200505,NC,SS,T,33,4,4,7,2,0,3,0,2,9,0,1,4
20200505OBLG0,20200505,LG,OB,B,30,6,8,10,6,1,1,1,6,6,1,0,4
20200505OBLG0,20200505,OB,LG,T,30,2,2,6,1,0,1,0,3,9,1,0,5
20200505WOHT0,20200505,HT,WO,B,32,2,2,6,1,0,0,0,5,7,2,0,8
20200505WOHT0,20200505,WO,HT,T,38,11,11,12,3,0,2,0,6,5,1,1,6
20200506HHSK0,20200506,SK,HH,B,33,5,5,9,3,0,2,3,3,8,0,0,8
20200506HHSK0,20200506,HH,SK,T,31,2,2,5,1,0,1,0,4,5,1,2,6
20200506LTKT0,20200506,KT,LT,B,35,4,4,8,2,0,1,1,2,3,0,2,7
20200506LTKT0,20200506,LT,KT,T,36,8,9,12,2,0,1,1,2,6,0,1,5
20200506NCSS0,20200506,SS,NC,B,32,3,3,5,1,0,3,0,2,11,0,1,4
20200506NCSS0,20200506,NC,SS,T,33,4,4,8,1,0,2,2,7,8,0,0,9
20200506OBLG0,20200506,LG,OB,B,33,2,2,6,0,0,0,1,3,6,1,0,7
20200506OBLG0,20200506,OB,LG,T,35,5,5,12,1,0,1,0,1,3,2,1,5
20200506WOHT0,20200506,HT,WO,B,35,2,2,9,2,0,1,0,1,9,0,1,8
20200506WOHT0,20200506,WO,HT,T,31,2,3,7,1,1,0,1,1,11,0,0,5
20200507HHSK0,20200507,SK,HH,B,39,3,4,15,2,2,0,0,6,8,3,0,14
20200507HHSK0,20200507,HH,SK,T,37,7,8,13,1,0,0,4,5,7,3,0,7
20200507LTKT0,20200507,KT,LT,B,33,2,3,7,2,0,0,0,2,4,0,2,5
20200507LTKT0,20200507,LT,KT,T,40,7,7,14,2,0,1,0,4,3,1,0,11
20200507NCSS0,20200507,SS,NC,B,32,1,2,5,1,0,0,0,6,8,0,1,9
20200507NCSS0,20200507,NC,SS,T,35,7,8,9,2,0,1,0,7,6,0,0,9
20200507OBLG0,20200507,LG,OB,B,30,3,3,7,2,0,0,0,2,7,1,3,4
20200507OBLG0,20200507,OB,LG,T,40,7,9,14,2,0,1,0,1,4,0,0,6
20200507WOHT0,20200507,HT,WO,B,38,8,8,16,2,0,2,0,5,7,2,0,11
20200507WOHT0,20200507,WO,HT,T,34,5,5,9,4,0,1,1,3,6,0,0,6
20200508HHWO0,20200508,WO,HH,B,34,5,5,10,0,1,2,0,4,6,0,0,9
20200508HHWO0,20200508,HH,WO,T,31,3,3,6,0,0,1,0,2,7,1,0,3
20200508HTSS0,20200508,SS,HT,B,30,5,5,6,3,0,1,1,7,6,0,0,8
20200508HTSS0,20200508,HT,SS,T,30,0,0,5,1,0,0,0,6,9,1,1,9
20200508KTOB0,20200508,OB,KT,B,34,3,3,8,3,0,0,0,3,3,0,0,8
20200508KTOB0,20200508,KT,OB,T,47,12,12,22,4,1,1,0,3,7,0,0,12
20200508LGNC0,20200508,NC,LG,B,37,13,13,13,3,1,2,1,7,4,0,0,7
20200508LGNC0,20200508,LG,NC,T,34,5,5,9,3,0,0,0,6,9,0,0,9
20200508SKLT0,20200508,LT,SK,B,39,8,9,13,4,0,4,1,3,10,0,0,6
20200508SKLT0,20200508,SK,LT,T,40,8,8,13,3,1,2,4,2,7,0,0,7
20200509HHWO0,20200509,WO,HH,B,28,3,5,4,0,0,1,2,8,8,0,0,7
20200509HHWO0,20200509,HH,WO,T,33,3,3,10,2,0,1,0,2,4,1,1,6
20200509HTSS0,20200509,SS,HT,B,36,13,14,13,3,1,0,1,10,9,0,0,8
20200509HTSS0,20200509,HT,SS,T,29,2,2,7,2,0,1,0,6,4,4,1,6
20200510HHWO0,20200510,WO,HH,B,31,6,6,8,2,1,0,0,4,6,0,0,5
20200510HHWO0,20200510,HH,WO,T,35,3,3,12,1,0,1,1,1,7,1,1,6
20200510HTSS0,20200510,SS,HT,B,31,3,3,6,2,0,2,0,3,6,1,2,5
20200510HTSS0,20200510,HT,SS,T,42,12,12,15,4,0,2,0,6,7,1,0,10
20200510KTOB0,20200510,OB,KT,B,49,12,13,18,1,0,3,0,6,4,0,0,11
20200510KTOB0,20200510,KT,OB,T,48,12,12,16,2,0,3,0,3,8,0,2,7
20200510LGNC0,20200510,NC,LG,B,38,7,8,12,2,0,1,0,4,6,1,0,8
20200510LGNC0,20200510,LG,NC,T,40,10,10,15,4,0,4,3,5,6,1,1,9
20200510SKLT0,20200510,LT,SK,B,29,4,4,6,0,0,1,0,4,4,1,0,5
20200510SKLT0,20200510,SK,LT,T,29,0,0,3,1,0,0,0,0,12,1,0,2
20200512HTHH0,20200512,HH,HT,B,33,1,1,8,1,0,0,0,2,8,1,0,7
20200512HTHH0,20200512,HT,HH,T,30,2,2,4,1,0,1,1,3,8,0,1,5
20200512KTNC0,20200512,NC,KT,B,39,7,7,12,1,0,3,0,2,10,0,1,7
20200512KTNC0,20200512,KT,NC,T,43,5,6,14,1,0,2,0,3,11,0,0,10
20200512OBLT0,20200512,LT,OB,B,42,6,6,15,3,0,1,1,2,7,0,0,11
20200512OBLT0,20200512,OB,LT,T,41,10,11,20,5,0,2,0,3,3,2,0,6
20200512SKLG0,20200512,LG,SK,B,37,8,9,12,1,1,1,1,2,7,0,0,6
20200512SKLG0,20200512,SK,LG,T,34,5,5,9,3,0,1,0,4,9,1,1,7
20200512SSWO0,20200512,WO,SS,B,30,3,3,7,2,0,1,1,5,4,0,2,7
20200512SSWO0,20200512,SS,WO,T,31,1,2,6,0,0,0,2,0,9,2,1,2
20200513HTHH0,20200513,HH,HT,B,35,3,3,9,2,0,0,2,3,6,1,1,8
20200513HTHH0,20200513,HT,HH,T,33,3,4,8,2,0,0,1,7,12,2,0,9
20200513KTNC0,20200513,NC,KT,B,37,5,5,11,1,0,2,1,6,5,0,1,10
20200513KTNC0,20200513,KT,NC,T,35,4,4,8,0,1,2,0,2,7,0,1,5
20200513OBLT0,20200513,LT,OB,B,35,9,10,12,4,0,1,1,9,5,1,0,10
20200513OBLT0,20200513,OB,LT,T,35,9,9,9,1,0,3,0,7,5,0,2,6
20200513SKLG0,20200513,LG,SK,B,36,13,14,12,6,0,0,0,7,5,0,0,6
20200513SKLG0,20200513,SK,LG,T,34,2,2,10,1,0,0,1,2,8,2,1,7
20200513SSWO0,20200513,WO,SS,B,30,0,0,2,0,0,0,0,2,12,0,2,5
20200513SSWO0,20200513,SS,WO,T,32,4,5,5,1,0,1,1,0,7,0,1,1
20200514HTHH0,20200514,HH,HT,B,32,4,4,8,3,0,0,1,2,13,0,0,6
20200514HTHH0,20200514,HT,HH,T,32,1,1,5,3,0,0,0,0,9,0,0,4
20200514KTNC0,20200514,NC,KT,B,31,1,1,9,3,0,0,2,3,10,1,0,8
20200514KTNC0,20200514,KT,NC,T,31,0,0,6,1,0,0,0,1,11,1,0,5
20200514OBLT0,20200514,LT,OB,B,34,4,4,9,3,0,1,0,3,8,0,1,7
20200514OBLT0,20200514,OB,LT,T,39,6,7,13,5,0,2,2,4,8,0,0,10
20200514SKLG0,20200514,LG,SK,B,32,3,3,11,2,0,1,2,4,12,2,0,8
20200514SKLG0,20200514,SK,LG,T,31,2,2,4,0,0,1,0,3,11,2,1,5
20200514SSWO0,20200514,WO,SS,B,35,5,5,8,3,0,1,0,2,8,0,0,5
20200514SSWO0,20200514,SS,WO,T,34,8,8,14,4,0,1,0,6,4,1,0,6
20200515LTHH0,20200515,HH,LT,B,30,2,2,8,2,1,0,0,3,12,0,0,7
20200515LTHH0,20200515,LT,HH,T,33,1,1,8,1,0,0,0,3,3,1,0,8
20200515NCSK0,20200515,SK,NC,B,30,2,2,2,1,0,1,0,7,6,0,1,6
20200515NCSK0,20200515,NC,SK,T,40,6,6,11,2,0,0,0,7,11,1,1,11
20200515OBHT0,20200515,HT,OB,B,36,2,4,8,1,0,0,0,4,3,0,3,9
20200515OBHT0,20200515,OB,HT,T,43,11,13,18,3,0,3,0,4,5,4,4,7
20200515SSKT0,20200515,KT,SS,B,41,13,14,16,5,2,3,1,4,3,0,1,6
20200515SSKT0,20200515,SS,KT,T,39,6,6,12,2,0,0,0,1,5,0,1,8
20200516LTHH0,20200516,HH,LT,B,36,0,1,10,2,0,0,1,1,6,0,1,9
20200516LTHH0,20200516,LT,HH,T,36,4,5,11,4,0,0,1,6,6,2,0,10
20200516NCSK0,20200516,SK,NC,B,31,1,1,6,1,0,1,0,2,7,2,0,5
20200516NCSK0,20200516,NC,SK,T,29,2,2,5,1,0,0,1,4,8,2,0,5
20200516OBHT0,20200516,HT,OB,B,38,13,13,16,6,0,2,0,5,3,1,0,7
20200516OBHT0,20200516,OB,HT,T,35,4,4,9,2,1,1,0,3,10,1,0,7
20200516SSKT0,20200516,KT,SS,B,35,10,10,16,3,1,0,3,6,2,2,1,9
20200516SSKT0,20200516,SS,KT,T,34,4,4,8,1,0,0,1,3,7,2,2,6
20200516WOLG1,20200516,LG,WO,B,25,3,3,4,1,0,1,0,5,5,1,0,3
20200516WOLG1,20200516,WO,LG,T,33,1,1,6,1,0,0,1,4,7,0,1,9
20200516WOLG2,20200516,LG,WO,B,32,5,5,10,1,0,1,1,5,9,0,0,9
20200516WOLG2,20200516,WO,LG,T,32,2,3,9,1,0,0,0,5,5,3,0,7
20200517LTHH0,20200517,HH,LT,B,35,4,5,6,0,0,0,0,7,3,1,0,8
20200517LTHH0,20200517,LT,HH,T,39,4,4,7,0,0,3,2,4,12,1,1,6
20200517NCSK0,20200517,SK,NC,B,39,5,5,12,1,0,0,0,4,8,1,0,11
20200517NCSK0,20200517,NC,SK,T,36,11,11,12,3,0,4,0,9,6,1,1,9
20200517OBHT0,20200517,HT,OB,B,35,3,4,8,2,0,1,0,3,10,1,1,8
20200517OBHT0,20200517,OB,HT,T,40,6,6,15,4,0,0,2,1,11,2,1,8
20200517SSKT0,20200517,KT,SS,B,31,7,9,9,2,0,1,0,7,4,0,1,7
20200517SSKT0,20200517,SS,KT,T,33,2,2,7,1,0,0,1,1,5,1,1,5
20200517WOLG0,20200517,LG,WO,B,32,4,4,8,2,0,0,0,2,5,2,0,4
20200517WOLG0,20200517,WO,LG,T,43,9,9,17,6,0,3,0,3,9,0,0,11
20200519HHKT0,20200519,KT,HH,B,40,12,13,18,4,1,2,0,6,7,1,0,9
20200519HHKT0,20200519,HH,KT,T,38,11,11,11,2,0,2,0,6,10,0,1,6
20200519LGSS0,20200519,SS,LG,B,35,6,6,11,2,0,2,0,2,6,2,0,5
20200519LGSS0,20200519,LG,SS,T,37,10,10,12,1,0,3,0,5,5,2,0,5
20200519LTHT0,20200519,HT,LT,B,37,9,9,16,0,0,3,2,6,6,1,1,11
20200519LTHT0,20200519,LT,HT,T,32,2,2,6,1,0,0,0,4,12,0,0,8
20200519NCOB0,20200519,OB,NC,B,36,4,4,10,2,0,0,0,9,8,0,2,15
20200519NCOB0,20200519,NC,OB,T,39,5,5,12,1,0,0,1,7,7,0,0,15
20200519SKWO0,20200519,WO,SK,B,38,10,11,14,3,0,1,1,7,7,2,2,10
20200519SKWO0,20200519,SK,WO,T,33,6,6,6,1,0,1,0,5,9,1,2,5
20200520HHKT0,20200520,KT,HH,B,38,8,8,17,4,1,0,2,2,6,0,1,11
20200520HHKT0,20200520,HH,KT,T,32,1,1,7,1,0,0,0,5,5,2,0,9
20200520LGSS0,20200520,SS,LG,B,26,3,3,5,1,0,0,3,1,7,1,0,2
20200520LGSS0,20200520,LG,SS,T,32,1,1,6,0,0,1,0,4,6,1,1,8
20200520LTHT0,20200520,HT,LT,B,33,6,6,9,3,0,2,0,4,8,0,0,7
20200520LTHT0,20200520,LT,HT,T,28,0,0,3,0,0,0,1,4,10,1,0,5
20200520NCOB0,20200520,OB,NC,B,33,2,2,3,1,0,0,0,5,9,0,1,5
20200520NCOB0,20200520,NC,OB,T,36,1,1,5,1,0,1,1,3,14,0,0,5
20200520SKWO0,20200520,WO,SK,B,34,2,3,7,1,0,1,5,4,8,0,1,8
20200520SKWO0,20200520,SK,WO,T,38,5,5,10,0,0,1,0,2,9,0,0,8
20200521HHKT0,20200521,KT,HH,B,34,4,4,10,4,0,1,1,6,7,1,0,11
20200521HHKT0,20200521,HH,KT,T,37,9,9,12,1,0,1,2,4,9,2,0,5
20200521LGSS0,20200521,SS,LG,B,27,0,0,2,0,0,0,0,5,4,2,1,5
20200521LGSS0,20200521,LG,SS,T,33,2,2,6,1,0,1,1,2,8,0,1,6
20200521LTHT0,20200521,HT,LT,B,32,5,6,9,1,0,0,1,5,5,0,0,7
20200521LTHT0,20200521,LT,HT,T,31,1,1,7,1,0,0,0,0,5,3,0,3
20200521NCOB0,20200521,OB,NC,B,35,5,6,11,0,1,0,0,4,2,1,0,7
20200521NCOB0,20200521,NC,OB,T,44,12,12,19,3,0,2,1,4,4,1,1,9
20200521SKWO0,20200521,WO,SK,B,40,9,9,13,5,0,0,2,4,11,1,1,8
20200521SKWO0,20200521,SK,WO,T,37,7,8,12,1,1,1,0,4,7,1,1,6
20200522HHNC0,20200522,NC,HH,B,29,3,3,6,0,0,1,0,3,10,2,1,3
20200522HHNC0,20200522,HH,NC,T,34,5,5,8,2,0,3,1,1,6,0,0,3
20200522HTSK0,20200522,SK,HT,B,32,1,1,6,1,0,0,1,1,8,1,0,5
20200522HTSK0,20200522,HT,SK,T,33,2,2,8,1,0,0,1,5,6,0,2,10
20200522KTLG0,20200522,LG,KT,B,35,6,6,10,2,0,1,0,4,5,0,1,7
20200522KTLG0,20200522,KT,LG,T,35,5,5,9,1,0,0,2,5,7,1,0,9
20200522OBSS0,20200522,SS,OB,B,35,7,7,12,1,0,1,0,4,4,1,0,8
20200522OBSS0,20200522,OB,SS,T,37,11,12,15,2,0,1,0,10,6,2,0,11
20200522WOLT0,20200522,LT,WO,B,36,8,9,12,4,0,0,1,7,6,0,0,11
20200522WOLT0,20200522,WO,LT,T,29,6,7,6,2,0,1,0,8,10,1,2,5
20200523HHNC0,20200523,NC,HH,B,32,3,3,10,1,0,0,3,4,9,0,0,9
20200523HHNC0,20200523,HH,NC,T,30,0,0,6,2,0,0,1,1,9,1,0,4
20200523HTSK0,20200523,SK,HT,B,32,3,3,9,1,0,1,0,4,8,2,0,6
20200523HTSK0,20200523,HT,SK,T,34,8,8,9,2,0,1,0,6,9,0,0,7
20200523KTLG0,20200523,LG,KT,B,32,2,2,7,0,0,0,1,8,3,2,1,11
20200523KTLG0,20200523,KT,LG,T,36,6,6,10,0,1,2,0,1,5,0,0,5
20200523OBSS0,20200523,SS,OB,B,37,6,6,10,4,0,4,0,3,5,0,0,8
20200523OBSS0,20200523,OB,SS,T,37,10,10,13,3,0,3,0,6,9,0,1,8
20200523WOLT0,20200523,LT,WO,B,35,3,4,8,4,0,0,0,4,6,0,1,9
20200523WOLT0,20200523,WO,LT,T,43,12,12,15,4,0,4,0,3,12,0,1,7
20200524HHNC0,20200524,NC,HH,B,35,10,10,13,2,0,1,1,6,10,0,0,10
20200524HHNC0,20200524,HH,NC,T,33,5,5,7,2,0,1,0,5,6,0,0,7
20200524HTSK0,20200524,SK,HT,B,41,2,4,8,0,1,0,0,4,4,2,2,7
20200524HTSK0,20200524,HT,SK,T,50,3,3,15,2,0,0,0,3,6,1,1,14
20200524KTLG0,20200524,LG,KT,B,33,9,9,10,1,0,1,2,7,5,1,2,6
20200524KTLG0,20200524,KT,LG,T,37,6,7,10,2,0,0,1,3,10,0,0,8
20200524OBSS0,20200524,SS,OB,B,34,12,13,15,6,0,0,1,8,8,0,0,8
20200524OBSS0,20200524,OB,SS,T,35,0,0,11,1,0,0,0,1,8,3,0,9
20200524WOLT0,20200524,LT,WO,B,33,2,2,9,3,0,0,2,1,3,0,0,8
20200524WOLT0,20200524,WO,LT,T,29,0,0,4,0,0,0,1,5,5,2,0,7
20200526HTKT0,20200526,KT,HT,B,31,0,1,4,0,0,0,1,2,14,1,1,5
20200526HTKT0,20200526,HT,KT,T,35,4,4,12,1,0,0,0,7,5,1,2,13
20200526LGHH0,20200526,HH,LG,B,28,0,0,3,0,0,0,0,2,3,2,1,3
20200526LGHH0,20200526,LG,HH,T,35,3,3,9,0,1,2,0,3,10,2,0,8
20200526SKOB0,20200526,OB,SK,B,26,5,6,4,1,1,0,0,3,9,0,0,2
20200526SKOB0,20200526,SK,OB,T,32,3,4,7,0,0,0,0,5,7,1,2,6
20200526SSLT0,20200526,LT,SS,B,30,1,1,6,2,0,0,0,3,6,0,1,8
20200526SSLT0,20200526,SS,LT,T,29,0,0,4,1,0,0,3,4,9,1,0,6
20200526WONC0,20200526,NC,WO,B,28,7,7,8,4,0,1,1,4,4,1,0,4
20200526WONC0,20200526,WO,NC,T,32,2,2,5,0,0,0,0,6,8,0,0,9
20200527HTKT0,20200527,KT,HT,B,30,5,5,9,3,1,0,0,2,6,1,0,5
20200527HTKT0,20200527,HT,KT,T,31,0,0,5,0,0,0,0,4,8,1,0,8
20200527LGHH0,20200527,HH,LG,B,34,4,4,10,2,0,2,1,1,9,2,1,5
20200527LGHH0,20200527,LG,HH,T,46,15,15,19,4,1,5,1,4,6,0,1,8
20200527SKOB0,20200527,OB,SK,B,31,4,4,7,1,0,0,1,2,3,0,0,6
20200527SKOB0,20200527,SK,OB,T,31,2,2,6,1,1,0,0,5,6,0,2,8
20200527SSLT0,20200527,LT,SS,B,33,0,1,5,0,0,0,0,1,7,0,1,6
20200527SSLT0,20200527,SS,LT,T,34,11,11,11,4,0,2,0,14,5,0,1,13
20200527WONC0,20200527,NC,WO,B,35,8,10,13,0,0,3,0,5,5,2,0,6
20200527WONC0,20200527,WO,NC,T,36,2,3,11,1,0,1,0,4,9,2,2,10
20200528HTKT0,20200528,KT,HT,B,36,6,6,12,1,0,0,0,3,6,0,1,9
20200528HTKT0,20200528,HT,KT,T,33,5,5,9,1,0,2,1,4,6,2,0,6
20200528LGHH0,20200528,HH,LG,B,31,0,0,5,1,0,0,0,3,13,2,1,7
20200528LGHH0,20200528,LG,HH,T,37,3,3,13,3,0,0,0,0,4,1,1,8
20200528SKOB0,20200528,OB,SK,B,27,1,1,3,1,1,0,0,3,5,3,1,2
20200528SKOB0,20200528,SK,OB,T,38,6,6,11,3,0,1,1,4,4,0,0,8
20200528SSLT0,20200528,LT,SS,B,32,1,1,5,2,0,0,1,7,6,0,0,11
20200528SSLT0,20200528,SS,LT,T,34,3,3,7,4,0,0,2,3,9,0,0,7
20200528WONC0,20200528,NC,WO,B,37,9,9,13,1,1,4,0,1,6,0,0,5
20200528WONC0,20200528,WO,NC,T,40,5,6,15,1,0,2,0,3,4,2,0,10
20200529HHSK0,20200529,SK,HH,B,34,8,8,11,0,0,3,1,3,8,0,3,6
20200529HHSK0,20200529,HH,SK,T,37,6,6,13,3,0,1,1,4,6,1,1,8
20200529KTWO0,20200529,WO,KT,B,31,4,5,7,1,0,0,0,8,4,0,1,11
20200529KTWO0,20200529,KT,WO,T,35,1,1,8,1,0,0,0,1,12,1,2,8
20200529LGHT0,20200529,HT,LG,B,34,2,2,7,1,0,2,0,2,5,0,0,7
20200529LGHT0,20200529,LG,HT,T,33,6,6,10,1,0,2,0,4,5,1,0,4
20200529LTOB0,20200529,OB,LT,B,28,4,4,5,1,0,1,1,3,6,0,0,4
20200529LTOB0,20200529,LT,OB,T,34,2,2,10,1,0,0,1,4,7,3,0,9
20200529NCSS0,20200529,SS,NC,B,35,4,5,9,0,0,0,0,0,7,0,0,5
20200529NCSS0,20200529,NC,SS,T,33,4,4,8,0,0,1,0,2,3,0,1,4
20200530HHSK0,20200530,SK,HH,B,31,8,9,8,2,0,1,1,13,10,1,2,10
20200530HHSK0,20200530,HH,SK,T,28,3,3,2,0,0,1,0,7,9,2,1,6
20200530KTWO0,20200530,WO,KT,B,39,13,14,16,2,1,2,0,8,5,0,0,10
20200530KTWO0,20200530,KT,WO,T,31,3,3,7,0,0,2,0,1,6,2,1,3
20200530LGHT0,20200530,HT,LG,B,37,10,10,14,2,0,1,1,4,4,0,1,9
20200530LGHT0,20200530,LG,HT,T,32,4,6,6,2,0,1,0,6,10,1,1,5
20200530LTOB0,20200530,OB,LT,B,37,5,5,11,1,0,1,1,6,4,3,0,7
20200530LTOB0,20200530,LT,OB,T,42,4,4,11,2,0,0,0,4,3,2,0,9
20200530NCSS0,20200530,SS,NC,B,33,9,9,12,2,0,3,0,7,5,1,0,7
20200530NCSS0,20200530,NC,SS,T,30,1,1,4,1,0,0,0,4,4,1,0,6
20200531HHSK0,20200531,SK,HH,B,30,6,6,10,2,1,1,3,9,5,2,1,10
20200531HHSK0,20200531,HH,SK,T,32,3,4,5,0,0,1,1,4,5,0,0,5
20200531KTWO0,20200531,WO,KT,B,38,8,8,10,2,0,1,1,5,7,1,0,9
20200531KTWO0,20200531,KT,WO,T,40,12,12,14,1,0,4,2,9,9,0,3,10
20200531LGHT0,20200531,HT,LG,B,38,5,5,11,3,0,2,2,1,5,0,0,7
20200531LGHT0,20200531,LG,HT,T,44,13,13,20,5,2,0,2,3,7,1,0,8
20200531LTOB0,20200531,OB,LT,B,41,3,3,11,1,0,0,0,3,8,2,2,9
20200531LTOB0,20200531,LT,OB,T,40,6,8,8,1,0,0,1,11,7,1,1,12
20200531NCSS0,20200531,SS,NC,B,35,6,7,10,0,0,2,0,2,6,2,3,4
20200531NCSS0,20200531,NC,SS,T,48,16,18,21,6,0,3,0,4,7,0,1,8
20200602LTHT0,20200602,HT,LT,B,35,7,7,12,1,0,2,0,3,5,1,0,7
20200602LTHT0,20200602,LT,HT,T,32,2,2,7,1,0,2,0,2,8,1,0,5
20200602OBKT0,20200602,KT,OB,B,40,6,8,12,4,0,1,0,4,8,1,1,9
20200602OBKT0,20200602,OB,KT,T,42,11,11,18,3,0,2,0,3,5,3,1,7
20200602SKNC0,20200602,NC,SK,B,34,2,2,7,2,0,1,0,2,11,0,2,7
20200602SKNC0,20200602,SK,NC,T,37,7,8,11,4,0,0,1,8,5,0,1,10
20200602SSLG0,20200602,LG,SS,B,30,0,0,5,1,0,0,0,0,6,1,0,3
20200602SSLG0,20200602,SS,LG,T,30,2,2,6,2,0,0,0,3,8,1,0,4
20200602WOHH0,20200602,HH,WO,B,34,2,3,8,1,0,0,2,0,7,1,2,4
20200602WOHH0,20200602,WO,HH,T,40,15,15,17,2,0,2,0,10,7,0,1,11
20200603LTHT0,20200603,HT,LT,B,37,11,11,14,0,1,1,1,8,6,2,0,10
20200603LTHT0,20200603,LT,HT,T,30,2,2,3,1,0,1,0,3,6,0,2,4
20200603OBKT0,20200603,KT,OB,B,39,7,7,14,4,0,2,0,1,3,0,0,9
20200603OBKT0,20200603,OB,KT,T,32,2,2,6,2,0,0,0,4,4,1,1,7
20200603SKNC0,20200603,NC,SK,B,35,8,8,14,4,0,2,1,5,5,1,2,9
20200603SKNC0,20200603,SK,NC,T,38,6,6,11,4,0,2,0,4,5,0,0,9
20200603SSLG0,20200603,LG,SS,B,39,5,6,14,1,0,2,3,1,7,0,0,8
20200603SSLG0,20200603,SS,LG,T,37,12,12,12,4,0,2,0,6,6,2,0,4
20200603WOHH0,20200603,HH,WO,B,33,2,2,7,0,0,1,1,2,6,0,4,6
20200603WOHH0,20200603,WO,HH,T,37,4,6,10,1,0,0,0,4,5,1,0,9
20200604LTHT0,20200604,HT,LT,B,33,7,7,9,1,0,3,0,1,3,0,0,3
20200604LTHT0,20200604,LT,HT,T,36,3,3,10,1,0,0,1,3,7,2,0,9
20200604OBKT0,20200604,KT,OB,B,37,7,8,11,5,0,0,0,6,9,1,0,9
20200604OBKT0,20200604,OB,KT,T,40,14,14,14,1,0,3,0,7,6,0,0,6
20200604SKNC0,20200604,NC,SK,B,32,10,10,10,2,0,2,0,14,3,1,0,13
20200604SKNC0,20200604,SK,NC,T,30,0,0,5,0,0,0,1,4,12,1,1,8
20200604SSLG0,20200604,LG,SS,B,37,11,11,14,5,0,1,1,1,4,0,1,5
20200604SSLG0,20200604,SS,LG,T,32,0,0,4,1,1,0,0,3,12,0,1,8
20200604WOHH0,20200604,HH,WO,B,35,2,3,8,1,0,0,0,0,5,1,0,5
20200604WOHH0,20200604,WO,HH,T,37,6,7,11,2,0,2,2,3,11,1,1,6
20200605HTOB0,20200605,OB,HT,B,30,5,5,7,2,0,0,0,1,4,1,1,2
20200605HTOB0,20200605,HT,OB,T,32,1,1,5,2,0,0,1,5,12,0,0,10
20200605KTLT0,20200605,LT,KT,B,34,6,6,10,2,0,2,1,2,7,0,0,6
20200605KTLT0,20200605,KT,LT,T,33,4,4,9,0,0,3,1,3,8,1,0,6
20200605LGWO0,20200605,WO,LG,B,31,6,6,8,1,0,2,1,5,8,1,0,6
20200605LGWO0,20200605,LG,WO,T,33,3,3,6,0,0,2,0,1,6,0,0,4
20200605NCHH0,20200605,HH,NC,B,27,2,2,3,0,0,1,0,7,11,3,1,5
20200605NCHH0,20200605,NC,HH,T,43,11,13,17,4,0,4,1,7,8,2,0,10
20200605SSSK0,20200605,SK,SS,B,28,4,4,6,2,0,0,0,7,6,0,0,8
20200605SSSK0,20200605,SS,SK,T,32,1,1,7,1,0,0,0,2,10,1,1,6
20200606HTOB0,20200606,OB,HT,B,31,4,4,9,4,0,0,0,1,5,0,0,8
20200606HTOB0,20200606,HT,OB,T,31,3,3,7,1,0,0,0,1,3,1,1,4
20200606KTLT0,20200606,LT,KT,B,27,1,1,5,0,0,0,0,5,4,1,0,6
20200606KTLT0,20200606,KT,LT,T,32,0,0,6,0,0,0,1,0,8,0,0,5
20200606LGWO0,20200606,WO,LG,B,34,4,5,10,4,0,1,2,4,8,1,0,7
20200606LGWO0,20200606,LG,WO,T,30,4,4,6,1,0,0,0,5,6,0,0,7
20200606NCHH0,20200606,HH,NC,B,37,2,2,11,1,0,1,0,0,7,1,1,8
20200606NCHH0,20200606,NC,HH,T,42,14,14,14,3,1,4,0,4,9,0,0,5
20200606SSSK0,20200606,SK,SS,B,26,6,6,6,0,0,2,2,9,2,1,0,5
20200606SSSK0,20200606,SS,SK,T,32,4,4,7,0,0,1,2,4,8,1,0,5
20200607HTOB0,20200607,OB,HT,B,35,2,3,10,2,0,0,2,4,9,0,0,12
20200607HTOB0,20200607,HT,OB,T,32,2,2,9,3,1,0,0,4,1,1,2,7
20200607KTLT0,20200607,LT,KT,B,31,5,5,9,3,0,0,1,3,7,0,0,5
20200607KTLT0,20200607,KT,LT,T,35,2,2,8,1,0,1,0,1,10,0,0,7
20200607LGWO0,20200607,WO,LG,B,31,1,1,7,0,0,1,0,5,7,1,3,9
20200607LGWO0,20200607,LG,WO,T,42,7,8,14,1,0,1,1,3,5,0,0,11
20200607NCHH0,20200607,HH,NC,B,31,2,2,5,1,0,0,0,1,5,1,1,3
20200607NCHH0,20200607,NC,HH,T,40,8,8,13,4,0,1,0,6,5,0,0,11
20200607SSSK0,20200607,SK,SS,B,33,0,0,6,0,0,0,0,3,9,1,0,9
20200607SSSK0,20200607,SS,SK,T,32,3,3,9,0,0,1,2,2,8,2,1,5
20200609HHLT0,20200609,LT,HH,B,37,9,9,16,4,1,1,1,1,7,1,1,6
20200609HHLT0,20200609,HH,LT,T,35,3,3,10,1,0,1,0,4,6,2,0,9
20200609HTKT0,20200609,KT,HT,B,34,2,2,7,1,1,1,0,2,12,0,0,7
20200609HTKT0,20200609,HT,KT,T,30,3,3,5,2,0,1,0,2,7,1,0,3
20200609OBNC0,20200609,NC,OB,B,34,12,12,12,4,0,1,0,7,9,1,1,5
20200609OBNC0,20200609,OB,NC,T,35,8,8,11,4,0,1,0,5,10,2,0,6
20200609SKLG0,20200609,LG,SK,B,39,3,3,11,0,0,1,1,8,7,2,0,15
20200609SKLG0,20200609,SK,LG,T,38,5,5,10,4,0,1,0,5,5,0,1,8
20200609WOSS0,20200609,SS,WO,B,35,3,3,11,2,0,0,3,4,7,2,0,10
20200609WOSS0,20200609,WO,SS,T,36,5,5,11,3,0,1,0,7,7,1,0,12
20200610HHLT0,20200610,LT,HH,B,39,12,12,14,2,1,2,2,6,9,0,1,9
20200610HHLT0,20200610,HH,LT,T,33,2,2,6,1,0,0,0,0,5,0,2,5
20200610HTKT0,20200610,KT,HT,B,18,0,0,3,0,0,0,0,0,3,0,1,3
20200610HTKT0,20200610,HT,KT,T,21,9,10,7,1,0,1,0,10,3,0,0,7
20200610OBNC0,20200610,NC,OB,B,34,1,1,7,0,1,1,0,0,5,0,0,6
20200610OBNC0,20200610,OB,NC,T,35,9,9,11,1,0,3,0,6,5,2,0,5
20200610WOSS0,20200610,SS,WO,B,30,4,4,8,2,0,1,1,3,4,0,0,6
20200610WOSS0,20200610,WO,SS,T,29,1,1,4,1,1,0,0,3,7,2,0,4
20200611HHLT0,20200611,LT,HH,B,32,5,5,10,3,0,0,0,6,6,0,1,9
20200611HHLT0,20200611,HH,LT,T,28,0,0,5,0,0,0,0,6,8,1,0,9
20200611HTKT0,20200611,KT,HT,B,39,12,13,16,2,0,3,0,5,5,1,0,7
20200611HTKT0,20200611,HT,KT,T,41,8,8,15,2,0,3,0,1,9,1,1,7
20200611OBNC0,20200611,NC,OB,B,37,7,7,14,4,0,1,0,0,5,0,0,6
20200611OBNC0,20200611,OB,NC,T,37,4,5,11,3,0,1,0,3,10,1,0,8
20200611SKLG1,20200611,LG,SK,B,32,3,3,10,1,0,1,0,4,4,1,1,10
20200611SKLG1,20200611,SK,LG,T,34,1,1,6,1,0,0,2,1,8,0,0,7
20200611SKLG2,20200611,LG,SK,B,26,4,4,4,2,0,1,1,6,5,0,0,5
20200611SKLG2,20200611,SK,LG,T,34,3,3,9,0,0,2,0,2,10,0,0,8
20200611WOSS0,20200611,SS,WO,B,32,6,6,7,0,0,3,3,3,5,0,1,5
20200611WOSS0,20200611,WO,SS,T,33,3,3,6,0,1,1,0,3,5,1,0,6
20200612HTSK0,20200612,SK,HT,B,30,3,3,5,0,1,0,0,4,8,1,1,5
20200612HTSK0,20200612,HT,SK,T,34,6,6,9,1,0,2,1,4,12,1,0,6
20200612LTLG0,20200612,LG,LT,B,28,3,3,4,1,0,0,1,3,8,0,0,3
20200612LTLG0,20200612,LT,LG,T,36,2,2,9,0,0,0,1,7,8,1,1,12
20200612OBHH0,20200612,HH,OB,B,32,2,2,5,1,0,0,1,4,9,0,1,7
20200612OBHH0,20200612,OB,HH,T,35,5,5,9,3,0,2,1,5,5,1,1,9
20200612WONC0,20200612,NC,WO,B,35,2,2,8,2,0,0,1,5,6,2,0,8
20200612WONC0,20200612,WO,NC,T,34,2,3,4,2,0,1,0,4,11,0,0,6
20200613HTSK0,20200613,SK,HT,B,30,1,1,5,0,0,0,1,2,9,3,0,4
20200613HTSK0,20200613,HT,SK,T,31,2,2,6,1,0,1,0,2,10,0,1,5
20200613KTSS1,20200613,SS,KT,B,29,4,5,7,1,0,2,0,3,6,0,0,4
20200613KTSS1,20200613,KT,SS,T,32,3,3,6,1,0,2,1,2,5,0,0,4
20200613KTSS2,20200613,SS,KT,B,35,4,4,8,1,0,1,1,4,4,0,0,8
20200613KTSS2,20200613,KT,SS,T,33,7,7,8,2,0,2,0,9,10,2,2,8
20200613LTLG0,20200613,LG,LT,B,36,6,6,10,1,0,1,1,2,11,0,2,6
20200613LTLG0,20200613,LT,LG,T,34,6,7,8,0,0,1,0,9,8,1,0,9
20200613OBHH0,20200613,HH,OB,B,35,7,7,10,1,0,2,0,7,8,1,1,8
20200613OBHH0,20200613,OB,HH,T,35,6,6,11,1,0,3,0,11,10,1,0,12
20200613WONC0,20200613,NC,WO,B,35,5,5,11,1,0,0,0,6,7,3,1,9
20200613WONC0,20200613,WO,NC,T,44,18,18,17,3,1,5,0,6,11,0,0,6
20200614HTSK0,20200614,SK,HT,B,28,4,4,3,1,0,2,0,2,13,0,0,1
20200614HTSK0,20200614,HT,SK,T,34,3,3,7,1,0,1,0,2,4,1,0,6
20200614KTSS0,20200614,SS,KT,B,38,12,12,16,5,0,2,0,3,4,0,0,6
20200614KTSS0,20200614,KT,SS,T,38,0,0,11,3,0,0,0,1,7,0,0,12
20200614LTLG0,20200614,LG,LT,B,34,10,10,14,4,0,0,0,4,5,2,2,4
20200614LTLG0,20200614,LT,LG,T,41,6,6,16,2,0,1,2,1,3,3,1,9
20200614OBHH0,20200614,HH,OB,B,28,3,3,7,2,0,1,0,3,7,0,1,5
20200614OBHH0,20200614,OB,HH,T,37,2,2,9,1,0,0,0,2,6,0,0,10
20200614WONC0,20200614,NC,WO,B,34,9,9,13,3,1,3,3,5,5,2,0,7
20200614WONC0,20200614,WO,NC,T,33,5,5,8,1,0,1,1,5,7,1,1,7
20200616KTSK0,20200616,SK,KT,B,38,5,5,12,2,0,2,0,4,4,1,1,9
20200616KTSK0,20200616,KT,SK,T,37,5,6,9,1,0,1,1,9,5,0,0,10
20200616LGHH0,20200616,HH,LG,B,38,5,5,11,2,0,0,0,5,9,0,1,11
20200616LGHH0,20200616,LG,HH,T,40,9,9,15,2,1,2,1,3,2,1,0,8
20200616LTWO0,20200616,WO,LT,B,32,5,5,6,2,0,2,0,5,8,1,3,5
20200616LTWO0,20200616,LT,WO,T,35,4,7,10,1,0,1,3,4,3,0,1,5
20200616NCHT0,20200616,HT,NC,B,30,6,7,8,0,0,0,0,8,9,1,0,9
20200616NCHT0,20200616,NC,HT,T,36,4,4,10,3,0,0,1,3,12,1,1,8
20200616SSOB0,20200616,OB,SS,B,30,3,3,6,1,0,0,2,11,5,2,0,12
20200616SSOB0,20200616,SS,OB,T,32,4,4,8,3,0,0,0,4,11,1,1,6
20200617KTSK0,20200617,SK,KT,B,37,4,4,10,1,0,1,0,3,7,0,1,7
20200617KTSK0,20200617,KT,SK,T,39,5,6,12,3,0,1,3,7,11,2,0,10
20200617LGHH0,20200617,HH,LG,B,32,1,1,5,2,0,0,1,7,11,0,1,11
20200617LGHH0,20200617,LG,HH,T,35,7,7,13,1,0,0,1,4,3,1,0,7
20200617LTWO0,20200617,WO,LT,B,31,4,4,9,3,0,0,0,9,6,2,0,10
20200617LTWO0,20200617,LT,WO,T,33,3,3,9,2,0,1,1,2,7,2,0,5
20200617NCHT0,20200617,HT,NC,B,31,7,7,10,0,0,1,1,2,2,1,1,4
20200617NCHT0,20200617,NC,HT,T,34,6,6,7,1,0,1,3,5,6,1,0,6
20200617SSOB0,20200617,OB,SS,B,32,3,3,8,1,0,2,0,2,3,2,2,5
20200617SSOB0,20200617,SS,OB,T,38,5,6,10,3,0,1,1,3,9,2,0,8
20200618KTSK0,20200618,SK,KT,B,29,3,3,7,0,0,2,0,6,4,4,0,5
20200618KTSK0,20200618,KT,SK,T,37,5,5,13,2,0,0,5,4,10,1,0,10
20200618LGHH0,20200618,HH,LG,B,35,6,7,9,2,0,0,1,6,7,0,1,7
20200618LGHH0,20200618,LG,HH,T,36,8,9,11,2,0,1,3,10,7,1,1,8
20200618LTWO0,20200618,WO,LT,B,32,2,3,5,1,0,0,1,1,13,0,1,4
20200618LTWO0,20200618,LT,WO,T,37,2,2,10,2,0,0,1,1,4,3,1,7
20200618SSOB0,20200618,OB,SS,B,36,7,7,12,1,0,1,2,4,4,1,2,9
20200618SSOB0,20200618,SS,OB,T,29,3,3,6,1,0,0,1,4,1,4,1,4
20200619HHNC0,20200619,NC,HH,B,30,3,3,7,2,0,1,0,2,8,1,0,5
20200619HHNC0,20200619,HH,NC,T,31,1,1,4,3,0,1,0,1,12,0,0,4
20200619LTKT0,20200619,KT,LT,B,41,9,9,15,3,0,3,0,4,9,1,1,9
20200619LTKT0,20200619,LT,KT,T,44,7,8,14,3,0,3,1,5,2,0,0,11
20200619OBLG0,20200619,LG,OB,B,42,9,10,15,2,0,0,0,6,10,0,2,12
20200619OBLG0,20200619,OB,LG,T,46,17,18,20,3,1,0,0,9,5,1,1,13
20200619SKWO0,20200619,WO,SK,B,28,2,2,5,1,0,0,1,4,6,0,0,6
20200619SKWO0,20200619,SK,WO,T,33,1,1,8,0,0,0,0,1,6,2,0,6
20200619SSHT0,20200619,HT,SS,B,33,5,5,11,3,0,2,0,3,12,3,0,8
20200619SSHT0,20200619,SS,HT,T,30,4,4,7,0,0,0,2,7,7,2,3,9
20200620HHNC0,20200620,NC,HH,B,34,3,3,8,0,0,1,1,1,10,0,0,6
20200620HHNC0,20200620,HH,NC,T,33,4,4,9,4,0,0,1,2,10,1,2,5
20200620LTKT0,20200620,KT,LT,B,31,0,0,5,1,0,0,1,3,11,1,1,7
20200620LTKT0,20200620,LT,KT,T,41,8,8,14,5,0,0,0,6,6,0,0,11
20200620OBLG0,20200620,LG,OB,B,33,2,2,8,1,0,0,1,1,6,2,0,5
20200620OBLG0,20200620,OB,LG,T,36,8,8,11,5,1,1,1,4,9,1,0,5
20200620SKWO0,20200620,WO,SK,B,31,9,9,10,1,1,4,0,8,6,1,2,7
20200620SKWO0,20200620,SK,WO,T,36,3,3,10,0,0,1,1,2,6,1,0,8
20200620SSHT0,20200620,HT,SS,B,31,6,6,9,2,0,2,0,6,5,0,0,8
20200620SSHT0,20200620,SS,HT,T,36,3,3,9,4,0,0,2,2,6,0,0,8
20200621HHNC0,20200621,NC,HH,B,35,8,9,11,2,0,1,1,4,8,0,2,7
20200621HHNC0,20200621,HH,NC,T,34,7,7,7,0,1,0,0,9,5,0,2,9
20200621LTKT0,20200621,KT,LT,B,29,3,3,6,0,0,2,1,0,4,1,0,2
20200621LTKT0,20200621,LT,KT,T,35,2,2,9,0,0,0,0,1,7,1,0,7
20200621OBLG0,20200621,LG,OB,B,35,1,1,9,2,0,0,0,0,6,1,1,7
20200621OBLG0,20200621,OB,LG,T,36,3,3,8,3,0,0,1,9,7,1,1,15
20200621SKWO0,20200621,WO,SK,B,35,7,7,10,0,1,0,5,8,10,0,2,12
20200621SKWO0,20200621,SK,WO,T,32,2,2,4,1,1,1,0,2,9,1,1,5
20200621SSHT0,20200621,HT,SS,B,35,4,5,10,0,0,1,0,0,5,1,2,4
20200621SSHT0,20200621,SS,HT,T,43,12,12,17,2,0,3,0,2,6,3,1,6
20200623HHSS0,20200623,SS,HH,B,36,8,11,11,1,0,1,0,7,6,1,0,8
20200623HHSS0,20200623,HH,SS,T,37,4,4,12,2,0,1,0,5,9,0,2,12
20200623HTLT0,20200623,LT,HT,B,30,4,4,8,2,0,0,0,4,8,1,0,6
20200623HTLT0,20200623,HT,LT,T,35,3,3,11,1,0,1,1,2,4,3,1,7
20200623NCKT0,20200623,KT,NC,B,33,3,3,8,2,0,2,0,4,6,0,0,6
20200623NCKT0,20200623,NC,KT,T,31,4,4,7,2,0,1,0,3,4,0,0,5
20200623OBSK0,20200623,SK,OB,B,40,2,2,14,0,0,0,0,0,12,0,2,11
20200623OBSK0,20200623,OB,SK,T,42,9,9,13,5,0,1,1,5,7,0,0,11
20200623WOLG0,20200623,LG,WO,B,37,3,3,11,2,0,0,1,3,6,0,1,10
20200623WOLG0,20200623,WO,LG,T,40,7,8,14,1,1,4,0,6,7,1,0,11
20200624HHSS0,20200624,SS,HH,B,36,3,3,12,1,0,0,4,4,15,0,1,12
20200624HHSS0,20200624,HH,SS,T,31,2,2,7,2,0,1,0,5,5,3,1,7
20200625HHSS0,20200625,SS,HH,B,34,2,2,7,3,0,0,0,3,9,0,0,8
20200625HHSS0,20200625,HH,SS,T,39,9,9,13,0,1,1,0,5,7,1,0,8
20200625NCKT1,20200625,KT,NC,B,30,1,1,6,0,0,0,0,7,6,1,0,10
20200625NCKT1,20200625,NC,KT,T,32,3,3,6,1,0,2,0,5,5,0,0,7
20200625NCKT2,20200625,KT,NC,B,43,17,19,17,2,0,1,0,5,6,0,2,7
20200625NCKT2,20200625,NC,KT,T,37,6,6,10,1,0,1,0,1,2,1,3,6
20200625OBSK1,20200625,SK,OB,B,39,6,6,14,1,1,1,0,3,4,1,1,9
20200625OBSK1,20200625,OB,SK,T,45,12,14,18,1,1,4,0,8,3,0,0,12
20200625OBSK2,20200625,SK,OB,B,33,7,7,10,1,0,1,1,8,6,0,0,12
20200625OBSK2,20200625,OB,SK,T,31,0,0,4,0,0,0,0,2,9,0,2,6
20200625WOLG1,20200625,LG,WO,B,34,2,2,9,1,0,0,0,1,7,0,0,7
20200625WOLG1,20200625,WO,LG,T,33,5,5,9,2,0,1,1,7,4,1,0,9
20200625WOLG2,20200625,LG,WO,B,37,4,5,10,2,1,0,0,1,9,0,1,8
20200625WOLG2,20200625,WO,LG,T,33,8,8,7,2,0,1,0,8,10,0,1,7
20200626HTWO0,20200626,WO,HT,B,41,5,6,13,2,1,2,2,4,7,1,0,12
20200626HTWO0,20200626,HT,WO,T,36,8,8,12,2,0,2,1,5,8,3,3,6
20200626KTHH0,20200626,HH,KT,B,36,7,7,14,1,0,0,0,2,3,2,0,8
20200626KTHH0,20200626,KT,HH,T,35,4,4,10,0,0,1,0,3,8,1,1,7
20200626LGSK0,20200626,SK,LG,B,30,6,7,9,0,0,1,0,5,4,2,0,5
20200626LGSK0,20200626,LG,SK,T,27,0,0,3,0,0,0,0,6,4,2,1,6
20200626NCOB0,20200626,OB,NC,B,32,2,3,7,2,0,0,0,5,4,2,0,7
20200626NCOB0,20200626,NC,OB,T,32,8,9,11,1,1,0,1,5,7,4,0,4
20200626SSLT0,20200626,LT,SS,B,39,4,4,9,2,0,1,2,2,4,0,0,7
20200626SSLT0,20200626,SS,LT,T,40,6,6,13,3,0,1,1,3,4,0,0,8
20200627HTWO0,20200627,WO,HT,B,29,2,2,5,2,1,0,0,5,5,0,0,8
20200627HTWO0,20200627,HT,WO,T,29,0,0,2,2,0,0,0,1,5,0,0,3
20200627KTHH0,20200627,HH,KT,B,33,2,2,7,0,0,0,1,3,6,1,2,7
20200627KTHH0,20200627,KT,HH,T,31,6,7,6,0,0,2,2,13,14,1,0,11
20200627LGSK0,20200627,SK,LG,B,30,0,0,3,0,0,0,0,2,6,0,1,5
20200627LGSK0,20200627,LG,SK,T,35,3,3,11,3,0,0,1,2,7,1,0,9
20200627NCOB0,20200627,OB,NC,B,33,11,12,13,1,0,2,0,5,4,1,0,4
20200627NCOB0,20200627,NC,OB,T,33,3,3,6,1,0,2,0,2,7,0,1,5
20200627SSLT0,20200627,LT,SS,B,29,1,1,6,0,0,0,0,4,9,1,0,6
20200627SSLT0,20200627,SS,LT,T,37,6,6,12,2,0,1,4,1,5,0,0,7
20200628HTWO0,20200628,WO,HT,B,29,1,1,6,0,0,0,0,3,12,0,0,9
20200628HTWO0,20200628,HT,WO,T,26,0,0,2,0,0,0,0,3,10,2,0,3
20200628KTHH0,20200628,HH,KT,B,33,4,4,8,2,0,1,0,2,7,1,0,5
20200628KTHH0,20200628,KT,HH,T,34,8,8,9,2,0,2,0,4,11,1,0,4
20200628LGSK0,20200628,SK,LG,B,32,0,0,5,1,0,0,0,1,9,0,1,6
20200628LGSK0,20200628,LG,SK,T,35,4,4,10,1,0,1,0,2,4,0,0,7
20200628NCOB0,20200628,OB,NC,B,33,0,0,5,0,0,0,0,2,7,0,0,8
20200628NCOB0,20200628,NC,OB,T,38,5,5,12,1,0,3,0,2,8,0,1,8
20200628SSLT0,20200628,LT,SS,B,34,7,7,10,4,0,1,2,3,5,0,0,7
20200628SSLT0,20200628,SS,LT,T,32,3,3,5,0,0,1,1,0,3,0,1,2
20200630KTLG0,20200630,LG,KT,B,38,3,4,10,2,0,1,1,3,4,1,0,8
20200630KTLG0,20200630,KT,LG,T,40,2,3,10,2,0,0,2,11,8,1,1,16
20200630LTNC0,20200630,NC,LT,B,40,8,8,11,2,0,3,0,7,8,1,1,7
20200630LTNC0,20200630,LT,NC,T,43,10,10,15,1,0,3,0,11,4,2,0,11
20200630OBWO0,20200630,WO,OB,B,35,10,11,14,6,0,0,1,4,9,0,0,7
20200630OBWO0,20200630,OB,WO,T,33,2,2,7,2,0,1,0,2,5,1,0,6
20200630SKSS0,20200630,SS,SK,B,32,4,4,8,2,0,1,1,5,10,0,1,10
20200630SKSS0,20200630,SK,SS,T,32,1,1,5,1,0,1,0,1,7,1,2,5
20200701HHHT0,20200701,HT,HH,B,35,4,4,11,1,0,0,0,5,8,0,1,10
20200701HHHT0,20200701,HH,HT,T,32,3,3,12,1,0,0,0,4,4,4,0,10
20200701KTLG0,20200701,LG,KT,B,33,5,5,9,1,0,0,0,5,5,2,1,7
20200701KTLG0,20200701,KT,LG,T,44,11,11,19,4,0,3,0,1,6,2,0,7
20200701LTNC0,20200701,NC,LT,B,29,4,6,6,1,0,2,1,4,3,0,0,4
20200701LTNC0,20200701,LT,NC,T,30,2,2,6,2,0,1,0,1,11,1,3,3
20200701OBWO0,20200701,WO,OB,B,39,5,5,11,1,0,0,0,4,4,0,0,11
20200701OBWO0,20200701,OB,WO,T,42,14,14,19,3,0,1,0,3,4,2,1,4
20200701SKSS0,20200701,SS,SK,B,33,5,7,10,2,0,0,1,5,8,1,0,7
20200701SKSS0,20200701,SK,SS,T,30,1,1,4,0,0,1,0,1,7,1,1,3
20200702HHHT0,20200702,HT,HH,B,37,6,7,13,3,0,0,0,3,4,1,0,9
20200702HHHT0,20200702,HH,HT,T,32,1,1,9,0,0,1,0,7,7,3,0,11
20200702KTLG0,20200702,LG,KT,B,34,2,3,7,1,0,0,0,0,4,2,0,1
20200702KTLG0,20200702,KT,LG,T,41,4,4,15,2,0,2,1,3,10,2,0,10
20200702LTNC0,20200702,NC,LT,B,38,8,9,14,1,0,1,1,1,7,0,0,7
20200702LTNC0,20200702,LT,NC,T,35,7,7,10,2,0,1,1,7,5,1,1,9
20200702OBWO0,20200702,WO,OB,B,38,10,10,16,3,1,2,0,6,6,1,2,11
20200702OBWO0,20200702,OB,WO,T,37,7,7,10,1,0,0,0,9,7,1,0,12
20200702SKSS0,20200702,SS,SK,B,32,6,6,11,1,0,1,0,6,9,1,0,8
20200702SKSS0,20200702,SK,SS,T,35,2,2,10,2,0,0,0,1,7,1,0,8
20200703HHOB0,20200703,OB,HH,B,28,2,2,7,1,0,1,0,6,5,1,0,9
20200703HHOB0,20200703,HH,OB,T,32,1,1,5,1,0,0,1,4,10,0,0,7
20200703HTNC0,20200703,NC,HT,B,34,2,2,9,0,1,0,1,2,6,2,0,7
20200703HTNC0,20200703,HT,NC,T,34,8,8,9,3,0,2,1,3,4,0,0,4
20200703LGSS0,20200703,SS,LG,B,32,9,9,11,2,2,0,2,1,7,0,0,4
20200703LGSS0,20200703,LG,SS,T,33,7,7,10,1,0,4,0,4,8,0,1,6
20200703SKLT0,20200703,LT,SK,B,32,4,4,9,3,0,0,1,9,2,0,0,14
20200703SKLT0,20200703,SK,LT,T,40,7,7,12,1,0,2,0,2,7,1,0,8
20200703WOKT0,20200703,KT,WO,B,35,2,3,11,1,0,0,1,2,8,1,2,9
20200703WOKT0,20200703,WO,KT,T,33,1,2,6,1,0,1,1,5,8,1,2,9
20200704HHOB0,20200704,OB,HH,B,38,2,2,10,1,0,0,1,5,7,0,0,14
20200704HHOB0,20200704,HH,OB,T,36,6,6,10,5,0,0,1,3,5,1,1,6
20200704HTNC0,20200704,NC,HT,B,35,9,9,14,6,0,3,0,0,2,0,0,5
20200704HTNC0,20200704,HT,NC,T,32,2,2,8,0,0,0,0,5,6,2,0,8
20200704LGSS0,20200704,SS,LG,B,46,7,7,13,2,0,2,0,5,10,1,0,10
20200704LGSS0,20200704,LG,SS,T,42,5,6,8,3,0,1,0,6,10,0,0,8
20200704SKLT0,20200704,LT,SK,B,37,8,10,14,2,0,1,2,7,3,2,1,10
20200704SKLT0,20200704,SK,LT,T,36,4,4,10,0,0,2,0,2,7,1,1,7
20200704WOKT0,20200704,KT,WO,B,38,6,6,12,2,0,2,4,7,9,0,1,12
20200704WOKT0,20200704,WO,KT,T,33,10,10,12,4,0,1,1,5,3,3,0,3
20200705HHOB0,20200705,OB,HH,B,37,7,7,14,2,0,1,3,4,6,1,0,9
20200705HHOB0,20200705,HH,OB,T,35,4,4,10,2,0,0,1,1,8,1,0,5
20200705HTNC0,20200705,NC,HT,B,35,7,7,8,2,1,2,1,4,6,0,0,6
20200705HTNC0,20200705,HT,NC,T,33,6,6,8,1,0,1,0,4,5,2,1,4
20200705LGSS0,20200705,SS,LG,B,37,3,3,11,5,0,1,1,1,7,1,1,8
20200705LGSS0,20200705,LG,SS,T,35,7,7,7,0,0,1,1,10,4,0,0,11
20200705SKLT0,20200705,LT,SK,B,32,3,3,7,2,0,0,0,3,10,2,0,6
20200705SKLT0,20200705,SK,LT,T,34,5,6,10,2,0,2,1,4,9,0,1,5
20200705WOKT0,20200705,KT,WO,B,35,10,10,14,1,0,2,0,2,6,1,1,4
20200705WOKT0,20200705,WO,KT,T,38,5,5,13,0,0,1,1,5,8,3,0,11
20200707KTHT0,20200707,HT,KT,B,32,2,2,5,2,0,1,0,5,9,0,1,8
20200707KTHT0,20200707,KT,HT,T,34,5,8,9,0,0,1,0,7,8,1,0,7
20200707LGOB0,20200707,OB,LG,B,35,9,9,14,2,0,1,0,3,1,1,0,7
20200707LGOB0,20200707,LG,OB,T,37,5,6,12,1,1,2,1,3,6,0,0,7
20200707LTHH0,20200707,HH,LT,B,43,7,7,10,3,0,2,1,6,7,0,0,10
20200707LTHH0,20200707,LT,HH,T,48,6,6,14,3,0,2,1,8,9,1,1,15
20200707NCSK0,20200707,SK,NC,B,36,3,4,12,1,0,0,0,4,8,2,0,9
20200707NCSK0,20200707,NC,SK,T,33,5,5,8,4,0,0,1,2,9,1,1,4
20200707SSWO0,20200707,WO,SS,B,29,1,2,6,0,0,0,0,3,5,3,1,4
20200707SSWO0,20200707,SS,WO,T,43,11,13,20,2,0,0,0,3,5,1,0,8
20200708KTHT0,20200708,HT,KT,B,35,4,4,9,1,0,1,0,1,9,0,0,6
20200708KTHT0,20200708,KT,HT,T,34,6,7,9,2,1,1,2,4,7,2,0,4
20200708LGOB0,20200708,OB,LG,B,41,5,5,15,1,0,0,1,2,9,1,0,11
20200708LGOB0,20200708,LG,OB,T,35,8,8,11,3,0,2,0,6,4,2,0,7
20200708LTHH0,20200708,HH,LT,B,32,2,2,6,2,0,0,0,3,10,1,0,6
20200708LTHH0,20200708,LT,HH,T,41,5,6,15,1,0,2,3,2,4,1,0,10
20200708NCSK0,20200708,SK,NC,B,30,3,3,7,0,0,2,0,3,5,1,2,7
20200708NCSK0,20200708,NC,SK,T,34,1,2,7,0,0,0,0,1,6,1,1,6
20200708SSWO0,20200708,WO,SS,B,32,7,7,10,0,0,2,1,7,4,0,0,8
20200708SSWO0,20200708,SS,WO,T,34,6,6,9,2,0,2,0,5,4,1,0,6
20200709KTHT0,20200709,HT,KT,B,32,10,10,10,3,0,2,0,10,6,0,1,8
20200709KTHT0,20200709,KT,HT,T,37,3,4,10,1,0,0,0,7,9,1,0,13
20200709LGOB0,20200709,OB,LG,B,33,6,6,12,1,0,2,0,3,3,1,0,8
20200709LGOB0,20200709,LG,OB,T,29,0,0,2,0,0,0,1,0,12,0,1,2
20200709LTHH0,20200709,HH,LT,B,35,3,3,8,2,0,0,0,3,5,1,0,8
20200709LTHH0,20200709,LT,HH,T,29,5,5,5,0,0,2,1,3,7,1,1,2
20200709NCSK0,20200709,SK,NC,B,29,2,2,4,0,0,1,1,4,7,1,2,4
20200709NCSK0,20200709,NC,SK,T,40,8,8,13,1,0,2,3,7,7,1,0,11
20200709SSWO0,20200709,WO,SS,B,29,3,4,7,1,2,0,2,8,2,0,1,10
20200709SSWO0,20200709,SS,WO,T,34,2,2,10,1,0,0,0,1,6,2,1,6
20200710NCLG0,20200710,LG,NC,B,30,2,2,5,1,0,0,0,4,5,0,0,6
20200710NCLG0,20200710,NC,LG,T,39,12,12,15,4,0,1,1,3,4,0,0,5
20200710OBLT0,20200710,LT,OB,B,32,5,5,7,1,0,2,1,2,6,1,1,3
20200710OBLT0,20200710,OB,LT,T,39,9,10,12,1,1,2,0,5,7,1,0,7
20200710SKHH0,20200710,HH,SK,B,29,6,6,5,1,0,1,1,8,4,0,1,8
20200710SKHH0,20200710,SK,HH,T,37,5,5,11,2,0,0,0,5,6,1,1,10
20200710SSKT0,20200710,KT,SS,B,34,8,8,13,3,0,2,0,4,8,1,0,6
20200710SSKT0,20200710,SS,KT,T,35,3,3,9,1,1,0,0,5,7,1,1,10
20200710WOHT0,20200710,HT,WO,B,45,9,9,15,1,0,3,0,6,4,0,1,11
20200710WOHT0,20200710,WO,HT,T,43,8,8,14,3,1,2,0,4,12,0,0,8
20200711NCLG0,20200711,LG,NC,B,46,6,6,13,3,0,2,0,5,14,0,1,11
20200711NCLG0,20200711,NC,LG,T,45,6,6,9,1,0,2,1,5,9,0,0,8
20200711OBLT0,20200711,LT,OB,B,33,5,5,9,1,0,0,0,3,3,1,2,6
20200711OBLT0,20200711,OB,LT,T,36,3,4,8,1,0,1,0,3,7,1,2,8
20200711SKHH0,20200711,HH,SK,B,30,2,3,6,1,0,1,3,9,8,1,2,9
20200711SKHH0,20200711,SK,HH,T,31,3,5,8,1,0,3,0,8,6,0,0,9
20200711SSKT0,20200711,KT,SS,B,35,9,10,13,2,0,1,0,5,5,1,4,6
20200711SSKT0,20200711,SS,KT,T,36,5,7,10,2,0,1,2,3,4,2,0,5
20200711WOHT0,20200711,HT,WO,B,35,8,8,11,1,0,3,2,6,6,0,1,9
20200711WOHT0,20200711,WO,HT,T,37,3,3,11,1,0,1,1,1,9,1,2,8
20200713SKHH0,20200713,HH,SK,B,31,4,4,9,2,0,1,0,3,4,1,1,6
20200713SKHH0,20200713,SK,HH,T,31,1,2,3,1,0,0,0,6,9,0,0,7
20200713WOHT0,20200713,HT,WO,B,39,13,13,16,5,1,3,0,4,4,2,0,6
20200713WOHT0,20200713,WO,HT,T,31,3,3,4,0,0,2,0,0,12,0,1,1
20200714HHKT0,20200714,KT,HH,B,33,7,7,10,2,0,2,0,3,8,0,0,6
20200714HHKT0,20200714,HH,KT,T,31,2,2,8,2,0,1,0,2,6,3,2,4
20200714HTSS0,20200714,SS,HT,B,27,5,5,9,1,0,2,0,6,4,3,0,6
20200714HTSS0,20200714,HT,SS,T,32,0,0,8,1,0,0,0,1,5,2,0,6
20200714LGLT0,20200714,LT,LG,B,31,4,5,10,2,0,0,0,5,6,1,0,9
20200714LGLT0,20200714,LG,LT,T,28,0,0,2,1,0,0,0,1,5,1,1,2
20200714NCWO0,20200714,WO,NC,B,31,4,5,10,2,0,2,0,5,4,3,1,7
20200714NCWO0,20200714,NC,WO,T,30,1,1,3,0,0,1,0,1,8,0,0,4
20200714SKOB0,20200714,OB,SK,B,38,7,7,12,0,2,1,2,1,6,0,1,5
20200714SKOB0,20200714,SK,OB,T,40,12,12,14,0,0,1,1,5,5,0,0,7
20200715HHKT0,20200715,KT,HH,B,36,3,3,10,1,0,0,0,4,15,0,2,11
20200715HHKT0,20200715,HH,KT,T,38,6,7,11,1,0,0,0,5,7,0,0,9
20200715HTSS0,20200715,SS,HT,B,30,2,2,6,0,0,1,0,3,13,2,0,5
20200715HTSS0,20200715,HT,SS,T,35,4,5,10,0,0,1,0,3,6,0,0,8
20200715LGLT0,20200715,LT,LG,B,37,3,3,12,0,0,3,1,2,7,0,0,9
20200715LGLT0,20200715,LG,LT,T,40,9,9,14,3,1,1,0,3,8,0,0,8
20200715NCWO0,20200715,WO,NC,B,32,7,7,10,2,0,1,2,7,7,1,0,8
20200715NCWO0,20200715,NC,WO,T,34,4,4,11,1,1,1,0,3,3,3,0,6
20200715SKOB0,20200715,OB,SK,B,36,7,7,14,4,0,1,2,3,2,1,0,9
20200715SKOB0,20200715,SK,OB,T,35,2,2,10,0,0,0,1,1,10,0,1,8
20200716HHKT0,20200716,KT,HH,B,29,4,4,7,2,0,1,3,5,5,0,0,6
20200716HHKT0,20200716,HH,KT,T,32,1,1,6,0,0,0,0,0,8,0,0,4
20200716HTSS0,20200716,SS,HT,B,38,8,8,14,1,0,2,2,5,5,0,0,10
20200716HTSS0,20200716,HT,SS,T,32,7,7,8,2,0,1,0,7,8,1,1,6
20200716LGLT0,20200716,LT,LG,B,40,15,15,15,3,0,2,0,2,7,1,0,3
20200716LGLT0,20200716,LG,LT,T,38,10,10,16,1,0,1,1,7,4,3,2,8
20200716NCWO0,20200716,WO,NC,B,35,1,1,7,1,0,0,0,1,9,0,0,8
20200716NCWO0,20200716,NC,WO,T,40,9,9,14,2,1,1,0,6,10,1,0,10
20200716SKOB0,20200716,OB,SK,B,32,4,4,10,3,0,0,3,2,6,0,2,7
20200716SKOB0,20200716,SK,OB,T,34,2,2,7,0,0,1,5,3,6,2,1,8
20200717HHLG0,20200717,LG,HH,B,32,8,8,10,2,0,3,0,8,10,0,0,8
20200717HHLG0,20200717,HH,LG,T,29,0,0,3,1,0,0,0,3,9,1,1,5
20200717KTNC0,20200717,NC,KT,B,41,3,3,8,1,0,0,2,5,10,2,0,8
20200717KTNC0,20200717,KT,NC,T,44,3,3,9,2,0,0,1,3,9,0,0,8
20200717LTSS0,20200717,SS,LT,B,39,15,15,17,4,0,2,3,6,5,0,0,8
20200717LTSS0,20200717,LT,SS,T,38,10,10,13,3,0,1,1,3,5,1,0,5
20200717OBHT0,20200717,HT,OB,B,30,3,4,9,3,0,1,0,5,5,0,0,8
20200717OBHT0,20200717,OB,HT,T,31,2,2,7,0,0,0,1,2,2,2,1,4
20200717WOSK0,20200717,SK,WO,B,35,11,12,13,2,0,2,0,7,7,0,0,7
20200717WOSK0,20200717,WO,SK,T,38,8,9,13,2,0,2,4,9,10,0,1,11
20200718HHLG0,20200718,LG,HH,B,27,2,3,5,0,0,1,1,4,8,0,1,5
20200718HHLG0,20200718,HH,LG,T,32,1,1,8,1,0,0,0,5,2,3,1,9
20200718KTNC0,20200718,NC,KT,B,33,6,6,11,2,0,1,2,7,3,2,2,10
20200718KTNC0,20200718,KT,NC,T,29,1,1,3,0,0,1,0,2,10,1,0,3
20200718LTSS0,20200718,SS,LT,B,33,5,5,11,0,0,2,2,5,5,0,1,11
20200718LTSS0,20200718,LT,SS,T,32,2,2,7,1,0,0,1,5,4,2,2,8
20200718OBHT0,20200718,HT,OB,B,33,0,0,9,1,0,0,0,5,7,2,1,11
20200718OBHT0,20200718,OB,HT,T,32,6,6,12,2,0,0,0,8,1,2,0,11
20200718WOSK0,20200718,SK,WO,B,32,1,1,5,0,0,1,0,2,8,0,0,6
20200718WOSK0,20200718,WO,SK,T,32,4,4,7,1,0,2,3,4,6,0,0,5
20200719HHLG0,20200719,LG,HH,B,32,5,6,7,1,1,1,0,2,4,0,1,4
20200719HHLG0,20200719,HH,LG,T,34,2,2,8,2,0,0,0,3,14,0,1,8
20200719KTNC0,20200719,NC,KT,B,36,8,8,12,1,1,1,0,4,8,1,0,8
20200719KTNC0,20200719,KT,NC,T,32,2,2,5,0,0,1,0,1,9,0,0,4
20200719LTSS0,20200719,SS,LT,B,31,1,1,7,0,0,1,2,3,9,1,0,6
20200719LTSS0,20200719,LT,SS,T,29,2,2,6,1,0,1,0,1,7,3,0,2
20200719OBHT0,20200719,HT,OB,B,32,4,4,8,0,1,0,0,6,5,1,0,7
20200719OBHT0,20200719,OB,HT,T,37,8,8,11,3,0,1,2,5,4,0,0,6
20200719WOSK0,20200719,SK,WO,B,30,3,4,6,0,0,0,0,7,10,0,0,9
20200719WOSK0,20200719,WO,SK,T,33,3,3,7,0,0,1,1,4,4,1,0,7
20200721HHHT0,20200721,HH,HT,B,29,2,2,3,0,0,1,0,3,7,1,3,3
20200722HHHT0,20200722,HH,HT,B,29,1,1,4,1,0,0,0,5,14,1,1,7
20200724HHSK0,20200724,HH,SK,B,29,3,4,5,0,0,0,1,7,11,1,0,5
20200726HHSK0,20200726,HH,SK,B,34,4,4,8,2,0,1,0,4,8,1,0,7
20200727HHSK0,20200727,HH,SK,B,29,5,5,5,3,0,0,1,5,5,2,0,3
20200729HHSS0,20200729,HH,SS,T,44,8,12,18,1,0,1,0,4,7,1,0,10
20200730HHSS0,20200730,HH,SS,T,37,1,1,3,0,0,0,0,6,12,0,1,9
20200731HHLG0,20200731,HH,LG,T,34,2,2,10,1,0,0,0,2,4,0,0,8
20200801HHLG0,20200801,HH,LG,T,34,6,6,8,2,0,1,1,6,8,0,2,7
20200805HHNC0,20200805,HH,NC,B,33,6,8,12,2,0,1,0,7,5,2,0,11
20200806HHNC0,20200806,HH,NC,B,29,1,1,5,0,0,0,0,4,6,1,0,6
20200809HHKT0,20200809,HH,KT,B,34,2,3,8,1,0,1,0,3,12,1,0,8
20200811HHWO0,20200811,HH,WO,T,44,7,7,10,1,0,1,0,8,10,0,1,12
20200812HHWO0,20200812,HH,WO,T,34,2,2,4,1,0,1,1,4,8,0,0,6
20200813HHWO0,20200813,HH,WO,T,32,3,3,9,0,0,0,0,6,10,2,1,9
20200814HHSS0,20200814,HH,SS,B,29,1,1,4,1,0,0,0,3,7,1,0,5
20200815HHSS0,20200815,HH,SS,B,30,0,0,7,0,0,0,1,5,7,1,0,8
20200816HHSS0,20200816,HH,SS,B,26,3,3,2,1,0,0,0,5,4,1,0,4
20200818HHSK0,20200818,HH,SK,T,32,3,3,6,2,0,0,0,11,16,0,1,13
20200819HHSK0,20200819,HH,SK,T,40,5,6,12,2,0,2,0,3,8,0,1,10
20200820HHKT0,20200820,HH,KT,B,29,0,0,2,0,0,0,0,5,9,0,0,7
20200821HHKT0,20200821,HH,KT,B,35,5,5,11,2,0,1,0,2,6,1,0,8
20200823HHLG0,20200823,HH,LG,T,31,4,4,6,1,0,1,0,4,6,0,0,5
20200824HHLG0,20200824,HH,LG,T,38,5,6,14,1,2,0,0,3,7,0,2,13
20200825HHNC0,20200825,HH,NC,T,37,3,3,11,1,1,0,0,6,9,1,0,13
20200826HHNC0,20200826,HH,NC,T,34,5,5,7,1,0,1,0,5,8,2,2,7
20200827HHSS0,20200827,HH,SS,B,33,7,7,11,1,1,0,0,4,3,1,1,7
20200829HHLT0,20200829,HH,LT,T,38,6,7,11,0,1,2,0,2,13,0,0,6
20200830HHLT0,20200830,HH,LT,T,33,2,2,6,1,0,0,1,2,6,0,1,6
20200901HHOB0,20200901,HH,OB,T,29,0,0,3,0,0,0,0,0,9,1,1,2
20200903HHWO0,20200903,HH,WO,B,38,3,5,11,2,0,1,0,6,8,0,0,12
20200904HHWO0,20200904,HH,WO,B,30,7,7,10,1,0,0,0,7,7,0,0,9
20200905HHHT0,20200905,HH,HT,B,33,4,4,8,2,0,1,0,3,11,1,0,6
20200906HHHT0,20200906,HH,HT,B,36,4,4,10,1,0,2,0,0,13,0,1,5
20200908HHSS0,20200908,HH,SS,T,36,4,4,10,2,0,0,0,3,9,0,1,9
20200909HHSS1,20200909,HH,SS,T,37,7,7,12,1,0,1,0,6,10,1,1,9
20200909HHSS0,20200909,HH,SS,T,38,4,4,10,1,0,2,0,3,5,1,0,11
20200910HHSK0,20200910,HH,SK,B,30,1,1,5,0,0,0,0,4,9,2,0,6
20200911HHSK0,20200911,HH,SK,B,34,3,3,6,1,0,0,0,4,12,1,1,8
20200912HHKT0,20200912,HH,KT,T,35,2,2,7,0,0,0,1,1,10,0,0,7
20200913HHKT0,20200913,HH,KT,T,30,4,4,6,1,0,0,2,7,6,0,0,8
20200915HHLG0,20200915,HH,LG,B,38,6,6,11,1,0,0,0,7,10,2,2,10
20200916HHLG0,20200916,HH,LG,B,35,5,5,9,0,1,2,0,4,11,1,1,7
20200917HHWO0,20200917,HH,WO,T,29,2,2,3,0,0,0,0,2,13,0,0,3
20200918HHWO0,20200918,HH,WO,T,36,2,2,8,1,0,0,0,1,10,0,0,8
20200919HHHT0,20200919,HH,HT,T,31,0,0,5,0,0,0,0,0,11,0,1,4
20200920HHHT0,20200920,HH,HT,T,40,11,11,16,4,0,1,0,8,10,0,0,12
20200922HHOB0,20200922,HH,OB,B,29,5,5,6,0,0,1,0,5,16,0,0,6
20200923HHOB0,20200923,HH,OB,B,34,6,6,12,3,0,1,1,3,13,1,0,8
20200721HTHH0,20200721,HT,HH,T,41,9,10,16,2,0,2,0,9,8,2,0,13
20200722HTHH0,20200722,HT,HH,T,30,2,2,5,0,0,0,0,4,10,0,0,8
20200725HTSS0,20200725,HT,SS,B,31,8,8,11,2,0,0,0,3,9,1,0,5
20200726HTSS0,20200726,HT,SS,B,37,6,8,12,2,1,0,0,4,5,0,0,9
20200730HTKT0,20200730,HT,KT,B,33,1,1,8,3,0,0,0,2,8,1,1,8
20200731HTLT0,20200731,HT,LT,T,34,2,3,8,1,0,0,0,4,10,1,3,8
20200801HTLT0,20200801,HT,LT,T,34,3,3,9,2,0,1,0,2,9,1,3,6
20200802HTLT0,20200802,HT,LT,T,30,0,0,4,2,0,0,0,2,10,1,2,5
20200804HTLG0,20200804,HT,LG,B,36,5,5,8,1,0,1,0,4,10,0,0,8
20200805HTLG0,20200805,HT,LG,B,35,4,4,9,1,0,0,1,2,11,0,0,7
20200806HTLG0,20200806,HT,LG,B,35,13,13,12,3,0,4,2,7,8,1,0,5
20200808HTNC0,20200808,HT,NC,B,28,3,3,4,1,0,1,0,0,9,0,0,1
20200809HTNC0,20200809,HT,NC,B,32,1,1,4,0,0,0,0,9,7,0,0,13
20200811HTLG0,20200811,HT,LG,T,35,8,8,11,3,0,0,0,7,3,1,0,8
20200812HTLG0,20200812,HT,LG,T,29,0,0,2,0,0,0,0,6,14,0,0,8
20200813HTLG0,20200813,HT,LG,T,32,1,2,5,1,0,1,1,1,8,0,1,4
20200814HTSK0,20200814,HT,SK,B,31,6,7,7,2,0,1,0,9,3,0,1,8
20200815HTSK0,20200815,HT,SK,B,41,10,10,17,2,1,1,0,3,5,0,0,10
20200816HTSK0,20200816,HT,SK,B,38,7,8,15,2,0,1,0,3,10,0,0,9
20200818HTLG0,20200818,HT,LG,T,40,5,5,11,2,0,0,0,5,8,0,1,11
20200819HTLG0,20200819,HT,LG,T,34,1,1,8,0,0,0,0,2,9,1,2,8
20200820HTNC0,20200820,HT,NC,B,33,1,2,5,0,0,0,0,6,10,0,1,10
20200821HTNC0,20200821,HT,NC,B,34,4,4,9,0,0,2,1,3,5,0,2,7
20200822HTWO0,20200822,HT,WO,T,34,3,3,7,0,0,0,2,3,10,0,1,7
20200823HTWO0,20200823,HT,WO,T,36,8,8,11,0,0,3,0,3,9,0,0,6
20200825HTOB0,20200825,HT,OB,T,34,8,8,9,2,0,1,2,11,5,2,1,10
20200826HTOB0,20200826,HT,OB,T,41,7,7,15,1,0,1,0,4,5,0,1,12
20200827HTSK0,20200827,HT,SK,T,33,3,4,8,2,0,0,0,3,12,0,1,6
20200828HTSK0,20200828,HT,SK,T,39,11,11,13,0,0,4,0,4,8,0,1,7
20200830HTKT1,20200830,HT,KT,B,34,7,7,10,2,0,1,1,4,1,1,2,7
20200830HTKT0,20200830,HT,KT,B,33,5,5,10,1,0,0,0,4,8,1,3,8
20200901HTSS0,20200901,HT,SS,B,31,6,6,9,2,0,1,0,9,9,0,1,10
20200903HTLT0,20200903,HT,LT,T,36,4,4,10,1,0,2,0,1,7,0,0,7
20200904HTLT0,20200904,HT,LT,T,34,5,6,8,3,0,1,0,4,7,1,0,7
20200904HTLT1,20200904,HT,LT,T,37,7,7,10,2,0,1,1,3,11,1,0,6
20200905HTHH0,20200905,HT,HH,T,36,5,5,13,4,0,0,0,6,5,1,1,12
20200906HTHH0,20200906,HT,HH,T,35,8,8,10,5,0,1,0,4,9,0,0,6
20200908HTLG0,20200908,HT,LG,B,31,3,3,7,4,0,0,0,3,5,1,0,7
20200910HTOB0,20200910,HT,OB,B,32,4,4,7,0,1,1,0,4,7,0,0,5
20200912HTNC0,20200912,HT,NC,T,40,10,11,14,5,0,2,0,8,2,0,0,10
20200913HTNC0,20200913,HT,NC,T,33,4,4,10,1,0,0,0,3,5,1,1,7
20200915HTSK0,20200915,HT,SK,B,29,1,1,5,0,0,0,0,5,4,3,3,6
20200916HTSK0,20200916,HT,SK,B,33,6,6,10,1,0,1,0,6,6,1,1,8
20200917HTSS0,20200917,HT,SS,T,40,11,12,16,4,0,3,0,3,6,1,0,5
20200918HTSS0,20200918,HT,SS,T,39,13,13,15,2,0,2,0,8,4,1,2,9
20200919HTHH0,20200919,HT,HH,B,29,7,8,10,2,0,0,1,4,4,0,0,3
20200920HTHH0,20200920,HT,HH,B,33,3,3,9,1,0,1,0,4,7,1,0,8
20200922HTWO0,20200922,HT,WO,B,30,0,0,4,0,0,0,0,3,8,1,1,6
20200923HTWO0,20200923,HT,WO,B,32,1,1,5,0,0,1,0,2,7,0,0,6
20200721KTLG0,20200721,KT,LG,B,34,10,10,12,0,0,3,1,4,7,1,1,5
20200724KTNC0,20200724,KT,NC,B,33,1,2,6,1,0,1,2,6,10,0,0,10
20200725KTNC0,20200725,KT,NC,B,29,6,6,8,4,0,1,0,4,9,2,0,3
20200726KTNC0,20200726,KT,NC,B,34,5,5,8,0,0,3,2,2,8,1,0,7
20200730KTHT0,20200730,KT,HT,T,31,4,4,11,2,0,0,1,5,6,1,1,7
20200731KTSK0,20200731,KT,SK,B,39,11,11,16,3,0,4,0,3,8,0,2,7
20200801KTSK0,20200801,KT,SK,B,36,10,11,13,1,1,3,0,5,2,2,0,6
20200804KTWO0,20200804,KT,WO,T,32,3,4,11,1,0,0,1,4,9,3,0,7
20200805KTWO0,20200805,KT,WO,T,34,3,3,10,1,0,1,0,2,3,1,2,6
20200806KTWO0,20200806,KT,WO,T,32,2,2,4,1,0,1,1,2,9,0,0,5
20200809KTHH0,20200809,KT,HH,T,37,6,6,12,5,0,1,0,5,9,1,1,9
20200811KTSK0,20200811,KT,SK,B,31,6,6,11,2,0,1,0,6,8,2,2,8
20200812KTSK0,20200812,KT,SK,B,27,1,2,2,1,0,0,0,3,3,2,1,1
20200813KTSK0,20200813,KT,SK,B,36,5,6,10,2,0,1,1,11,17,1,1,15
20200814KTOB0,20200814,KT,OB,T,47,4,5,12,3,0,0,2,1,7,0,0,8
20200815KTOB0,20200815,KT,OB,T,34,4,5,7,2,1,1,1,7,8,0,1,9
20200816KTOB0,20200816,KT,OB,T,35,4,4,11,5,0,0,1,3,5,1,0,10
20200818KTSS0,20200818,KT,SS,T,33,5,6,9,1,0,1,0,8,7,0,2,9
20200819KTSS0,20200819,KT,SS,T,31,6,6,6,1,0,1,0,5,8,1,1,4
20200820KTHH0,20200820,KT,HH,T,31,3,3,6,0,0,1,3,4,5,1,0,6
20200821KTHH0,20200821,KT,HH,T,30,1,1,4,0,0,1,0,5,12,1,1,7
20200823KTNC0,20200823,KT,NC,B,34,10,10,13,2,0,3,0,8,6,1,0,8
20200824KTNC0,20200824,KT,NC,B,37,8,8,14,1,0,1,1,4,9,0,0,9
20200825KTWO0,20200825,KT,WO,B,32,1,1,5,2,0,0,0,1,7,0,3,5
20200826KTWO0,20200826,KT,WO,B,36,5,6,10,2,0,1,1,7,6,2,0,10
20200827KTLG0,20200827,KT,LG,T,29,0,0,2,1,0,0,0,6,5,0,1,8
20200828KTLG0,20200828,KT,LG,T,36,5,5,5,1,0,2,1,4,13,1,0,2
20200830KTHT0,20200830,KT,HT,T,34,8,8,7,2,0,1,0,11,7,0,1,11
20200830KTHT1,20200830,KT,HT,T,37,4,5,10,1,1,1,1,3,10,0,2,9
20200901KTLT0,20200901,KT,LT,B,37,10,11,14,2,0,2,2,3,7,1,0,6
20200903KTSK0,20200903,KT,SK,B,34,6,6,12,3,0,0,1,4,6,1,0,8
20200904KTSK0,20200904,KT,SK,B,35,9,10,13,3,0,3,2,3,7,0,0,4
20200904KTSK1,20200904,KT,SK,B,33,7,7,9,2,0,2,0,9,3,1,0,10
20200905KTWO0,20200905,KT,WO,T,37,8,8,11,1,0,2,0,6,8,0,0,9
20200906KTWO0,20200906,KT,WO,T,38,7,8,12,2,0,0,0,5,6,1,0,10
20200908KTOB0,20200908,KT,OB,T,33,0,0,6,1,0,0,0,5,7,0,0,11
20200909KTOB0,20200909,KT,OB,T,38,4,4,5,0,0,1,1,4,13,0,0,6
20200910KTNC0,20200910,KT,NC,T,32,8,8,8,0,1,4,0,4,7,1,1,2
20200911KTNC0,20200911,KT,NC,T,31,1,1,6,0,1,1,0,6,10,1,0,10
20200912KTHH0,20200912,KT,HH,B,31,5,5,9,1,0,0,3,6,3,0,0,9
20200913KTHH0,20200913,KT,HH,B,33,5,5,12,1,0,0,0,3,11,2,0,8
20200915KTSS0,20200915,KT,SS,B,36,0,0,8,1,0,0,0,2,11,1,1,11
20200916KTSS0,20200916,KT,SS,B,43,11,11,19,4,0,1,0,3,8,0,0,11
20200917KTOB0,20200917,KT,OB,B,31,3,3,9,1,1,0,3,3,8,0,3,8
20200918KTOB0,20200918,KT,OB,B,40,5,5,11,1,0,2,0,5,11,1,1,10
20200919KTSK0,20200919,KT,SK,T,34,5,5,8,0,0,0,1,6,11,1,1,9
20200920KTSK0,20200920,KT,SK,T,37,10,10,11,2,0,1,2,5,10,0,1,6
20200922KTLT0,20200922,KT,LT,T,28,0,0,2,0,0,0,0,2,10,0,0,3
20200923KTLT0,20200923,KT,LT,T,42,9,10,16,3,0,1,1,4,5,0,0,9
20200721LGKT0,20200721,LG,KT,T,38,9,9,13,4,0,2,0,6,7,1,0,8
20200724LGOB0,20200724,LG,OB,T,40,8,8,15,2,1,2,1,6,3,1,0,11
20200725LGOB0,20200725,LG,OB,T,35,2,3,10,3,0,0,0,1,8,3,0,6
20200726LGOB0,20200726,LG,OB,T,33,4,4,7,0,1,0,2,2,8,1,0,5
20200728LGSK0,20200728,LG,SK,T,49,23,24,23,3,1,6,0,9,6,1,0,7
20200729LGSK0,20200729,LG,SK,T,36,11,11,13,0,0,3,1,9,7,2,0,7
20200730LGSK0,20200730,LG,SK,T,39,9,9,13,3,0,1,1,6,6,1,0,9
20200731LGHH0,20200731,LG,HH,B,29,1,1,4,2,0,0,0,2,9,0,0,3
20200801LGHH0,20200801,LG,HH,B,39,9,9,15,3,0,0,0,2,7,0,0,8
20200804LGHT0,20200804,LG,HT,T,41,15,15,16,1,2,3,0,6,9,1,1,5
20200805LGHT0,20200805,LG,HT,T,35,6,6,11,3,0,2,0,5,10,2,0,8
20200806LGHT0,20200806,LG,HT,T,28,1,1,4,0,0,0,0,1,7,0,0,2
20200807LGWO0,20200807,LG,WO,T,36,5,5,10,0,1,1,0,2,10,1,0,7
20200808LGWO0,20200808,LG,WO,T,32,1,1,8,2,0,1,0,3,4,0,0,7
20200809LGWO0,20200809,LG,WO,T,30,1,1,4,2,0,1,0,1,8,1,3,3
20200811LGHT0,20200811,LG,HT,B,36,4,4,9,2,0,1,0,1,11,0,1,6
20200812LGHT0,20200812,LG,HT,B,34,8,8,12,5,0,0,1,3,9,2,0,5
20200813LGHT0,20200813,LG,HT,B,29,4,4,8,1,0,2,0,5,6,0,1,7
20200814LGNC0,20200814,LG,NC,T,43,10,10,18,2,1,4,0,5,6,1,1,12
20200815LGNC0,20200815,LG,NC,T,40,11,13,15,4,0,2,0,4,9,0,0,5
20200816LGNC0,20200816,LG,NC,T,32,6,6,7,0,0,2,0,8,3,1,0,8
20200818LGHT0,20200818,LG,HT,B,37,6,6,12,1,0,2,1,2,13,2,0,6
20200819LGHT0,20200819,LG,HT,B,34,9,10,12,2,2,1,1,10,3,2,0,11
20200820LGWO0,20200820,LG,WO,T,36,5,5,9,1,0,1,1,2,9,1,1,6
20200821LGWO0,20200821,LG,WO,T,36,7,7,10,1,1,2,1,6,6,0,0,8
20200823LGHH0,20200823,LG,HH,B,30,3,3,6,1,0,0,0,7,8,3,1,7
20200824LGHH0,20200824,LG,HH,B,32,3,3,5,1,0,0,1,5,6,1,1,7
20200825LGSS0,20200825,LG,SS,T,33,3,3,7,1,0,1,1,7,8,0,0,10
20200826LGSS0,20200826,LG,SS,T,36,8,8,10,1,0,4,0,3,7,0,1,4
20200827LGKT0,20200827,LG,KT,B,29,1,2,6,0,1,0,1,2,7,1,0,5
20200828LGKT0,20200828,LG,KT,B,40,5,6,12,3,0,0,0,5,6,2,0,9
20200829LGOB0,20200829,LG,OB,B,37,5,5,10,2,0,2,0,1,13,0,0,6
20200830LGOB0,20200830,LG,OB,B,30,4,4,8,2,0,1,2,6,6,1,0,9
20200901LGSK0,20200901,LG,SK,T,38,12,13,11,3,0,3,0,9,10,0,0,9
20200903LGNC0,20200903,LG,NC,B,32,6,6,9,1,0,1,0,2,8,2,2,5
20200904LGNC0,20200904,LG,NC,B,46,5,5,13,3,1,0,2,9,14,1,1,16
20200906LGLT0,20200906,LG,LT,T,42,6,7,14,4,0,2,0,1,8,0,1,10
20200907LGLT0,20200907,LG,LT,T,40,5,6,16,2,0,1,0,3,9,2,0,10
20200908LGHT0,20200908,LG,HT,T,35,2,2,11,3,1,0,0,8,3,2,1,14
20200910LGWO0,20200910,LG,WO,B,35,6,6,10,2,0,1,0,5,7,0,0,10
20200911LGWO0,20200911,LG,WO,B,33,2,2,8,1,0,0,1,3,11,0,0,9
20200912LGSS0,20200912,LG,SS,B,29,1,1,2,0,0,1,1,1,6,0,0,2
20200913LGSS0,20200913,LG,SS,B,31,0,0,4,1,0,0,0,1,10,0,1,5
20200915LGHH0,20200915,LG,HH,T,39,4,5,8,2,0,1,3,3,14,0,0,7
20200916LGHH0,20200916,LG,HH,T,40,9,11,15,8,0,0,0,6,5,2,0,8
20200917LGLT0,20200917,LG,LT,B,34,9,9,8,0,0,2,1,4,6,0,1,6
20200918LGLT0,20200918,LG,LT,B,34,3,3,7,1,0,1,1,4,6,0,2,8
20200919LGOB0,20200919,LG,OB,T,40,9,9,18,1,0,2,2,4,6,2,1,11
20200920LGOB0,20200920,LG,OB,T,37,5,5,10,3,1,2,0,1,11,0,1,6
20200922LGSK0,20200922,LG,SK,B,30,6,7,7,1,0,0,2,5,5,2,2,4
20200923LGSK0,20200923,LG,SK,B,31,6,6,10,2,0,1,0,1,6,0,1,3
20200721LTSK0,20200721,LT,SK,T,35,7,7,10,1,0,1,1,5,4,1,0,6
20200724LTWO0,20200724,LT,WO,T,33,3,4,9,1,0,0,2,6,8,1,0,9
20200725LTWO0,20200725,LT,WO,T,35,6,6,9,2,0,0,0,5,11,0,0,7
20200726LTWO0,20200726,LT,WO,T,34,1,1,8,3,0,0,1,3,4,2,0,9
20200728LTNC0,20200728,LT,NC,B,36,11,11,14,3,0,2,0,8,6,1,1,9
20200731LTHT0,20200731,LT,HT,B,33,1,2,6,2,0,0,0,3,5,3,1,7
20200801LTHT0,20200801,LT,HT,B,31,6,7,10,3,0,2,0,5,3,2,0,6
20200802LTHT0,20200802,LT,HT,B,34,8,8,11,4,0,0,0,4,6,2,0,7
20200804LTSK0,20200804,LT,SK,T,41,8,8,15,3,0,1,0,5,2,1,0,11
20200806LTSK0,20200806,LT,SK,T,33,8,8,6,0,0,2,0,6,6,0,0,4
20200807LTOB0,20200807,LT,OB,T,39,7,8,12,2,0,2,0,9,6,1,0,14
20200808LTOB0,20200808,LT,OB,T,22,1,1,6,1,0,0,0,1,6,1,0,5
20200812LTNC0,20200812,LT,NC,B,33,8,8,13,3,0,1,0,6,4,1,0,9
20200813LTNC0,20200813,LT,NC,B,33,2,2,7,1,0,0,0,0,6,1,0,4
20200814LTWO0,20200814,LT,WO,B,31,5,5,11,2,0,0,0,5,6,0,1,9
20200815LTWO0,20200815,LT,WO,B,35,1,1,7,0,0,0,0,1,6,1,0,8
20200816LTWO0,20200816,LT,WO,B,30,3,3,6,1,0,0,3,5,5,3,0,6
20200818LTOB0,20200818,LT,OB,B,34,2,2,6,0,1,1,0,2,7,0,4,7
20200819LTOB0,20200819,LT,OB,B,31,6,7,10,3,0,0,4,1,3,1,1,4
20200820LTOB0,20200820,LT,OB,T,36,6,6,11,2,1,1,2,7,7,1,0,11
20200821LTOB0,20200821,LT,OB,T,31,0,0,3,1,0,0,2,2,8,0,1,6
20200822LTSS0,20200822,LT,SS,T,39,4,5,13,2,0,1,1,2,5,0,1,10
20200823LTSS0,20200823,LT,SS,T,37,10,11,10,2,0,3,1,6,7,0,0,5
20200825LTSK0,20200825,LT,SK,B,38,8,8,11,1,0,1,0,4,6,1,1,8
20200826LTSK0,20200826,LT,SK,B,28,3,3,4,0,0,0,0,9,4,0,0,10
20200827LTWO0,20200827,LT,WO,B,36,5,6,12,2,0,0,0,6,5,2,2,10
20200828LTWO0,20200828,LT,WO,B,37,4,4,12,2,0,2,2,3,3,1,1,9
20200829LTHH0,20200829,LT,HH,B,33,9,9,11,3,0,4,1,6,5,1,1,7
20200830LTHH0,20200830,LT,HH,B,34,5,6,10,3,0,0,2,3,6,1,1,7
20200901LTKT0,20200901,LT,KT,T,29,2,2,6,1,0,0,0,6,3,2,1,6
20200903LTHT0,20200903,LT,HT,B,30,3,3,5,2,0,0,1,3,6,1,0,3
20200904LTHT0,20200904,LT,HT,B,29,3,3,5,0,0,0,0,6,10,2,2,6
20200904LTHT1,20200904,LT,HT,B,34,7,9,14,0,0,2,1,3,4,3,0,5
20200906LTLG0,20200906,LT,LG,B,29,1,1,3,1,0,0,0,4,4,1,2,5
20200907LTLG0,20200907,LT,LG,B,39,12,12,16,6,0,2,0,6,4,1,1,9
20200908LTNC0,20200908,LT,NC,T,33,2,2,6,1,0,0,1,5,6,0,1,9
20200909LTNC0,20200909,LT,NC,T,36,7,7,8,3,0,0,0,10,7,0,2,11
20200910LTSS0,20200910,LT,SS,B,45,12,13,21,3,0,2,0,5,6,0,1,13
20200911LTSS0,20200911,LT,SS,B,37,12,12,14,2,0,1,0,8,8,1,2,9
20200912LTSK0,20200912,LT,SK,T,30,1,1,6,0,0,0,0,5,6,1,1,8
20200913LTSK0,20200913,LT,SK,T,29,1,1,5,0,0,0,0,6,1,2,0,8
20200915LTWO0,20200915,LT,WO,T,33,8,8,10,3,0,1,0,5,3,2,1,4
20200917LTLG0,20200917,LT,LG,T,34,1,1,8,2,0,0,0,0,5,2,3,6
20200918LTLG0,20200918,LT,LG,T,36,5,5,8,1,0,0,3,4,8,1,0,8
20200919LTNC0,20200919,LT,NC,B,30,5,5,7,1,0,2,0,8,8,1,0,9
20200920LTNC1,20200920,LT,NC,B,36,2,2,11,0,0,0,0,5,8,2,0,12
20200920LTNC0,20200920,LT,NC,B,35,1,2,8,1,0,1,0,3,9,1,1,9
20200922LTKT0,20200922,LT,KT,B,31,8,8,10,0,0,2,1,5,5,2,1,4
20200923LTKT0,20200923,LT,KT,B,33,4,5,9,1,0,1,0,8,7,3,2,9
20200721NCSS0,20200721,NC,SS,B,38,6,6,13,3,0,3,0,3,7,0,0,8
20200724NCKT0,20200724,NC,KT,T,32,3,3,7,2,0,1,1,3,11,0,2,7
20200725NCKT0,20200725,NC,KT,T,31,2,2,6,0,0,0,0,4,3,0,0,7
20200726NCKT0,20200726,NC,KT,T,32,4,4,7,1,0,2,1,1,7,1,3,3
20200728NCLT0,20200728,NC,LT,T,42,8,9,17,3,0,2,2,4,7,1,0,10
20200731NCOB0,20200731,NC,OB,B,37,10,10,14,4,0,1,2,5,7,1,1,8
20200801NCOB0,20200801,NC,OB,B,45,10,10,15,4,0,2,2,7,8,0,1,12
20200802NCOB0,20200802,NC,OB,B,42,4,4,8,1,0,2,0,5,10,1,1,7
20200805NCHH0,20200805,NC,HH,T,30,5,5,6,0,1,0,0,11,4,1,2,11
20200806NCHH0,20200806,NC,HH,T,32,4,4,8,1,0,2,0,7,4,1,0,8
20200808NCHT0,20200808,NC,HT,T,31,2,2,6,1,2,0,2,9,6,1,0,11
20200809NCHT0,20200809,NC,HT,T,39,7,8,14,2,1,1,0,6,8,2,1,10
20200812NCLT0,20200812,NC,LT,T,35,4,4,9,1,0,0,0,5,8,0,0,10
20200813NCLT0,20200813,NC,LT,T,39,8,9,14,1,0,1,0,4,7,1,1,7
20200814NCLG0,20200814,NC,LG,B,36,4,4,8,3,0,0,1,4,13,0,0,9
20200815NCLG0,20200815,NC,LG,B,34,4,4,10,0,0,2,0,3,13,1,0,7
20200816NCLG0,20200816,NC,LG,B,34,5,5,9,5,0,0,0,3,6,2,1,5
20200818NCWO0,20200818,NC,WO,B,27,5,5,7,3,0,1,0,3,4,1,0,3
20200819NCWO0,20200819,NC,WO,B,36,4,4,7,1,0,1,0,4,7,0,1,9
20200820NCHT0,20200820,NC,HT,T,45,13,14,21,3,0,1,3,3,6,0,1,10
20200821NCHT0,20200821,NC,HT,T,38,7,10,10,5,0,1,0,4,10,0,0,6
20200823NCKT0,20200823,NC,KT,T,35,1,1,9,2,0,0,0,5,7,1,0,12
20200824NCKT0,20200824,NC,KT,T,34,1,1,8,0,0,0,1,3,4,1,0,9
20200825NCHH0,20200825,NC,HH,B,38,11,11,15,3,0,6,1,2,7,0,0,5
20200826NCHH0,20200826,NC,HH,B,36,9,9,11,2,0,2,1,4,6,1,2,7
20200827NCOB0,20200827,NC,OB,B,35,7,8,13,2,1,1,0,5,9,1,0,8
20200828NCOB0,20200828,NC,OB,B,35,3,4,10,1,1,1,0,4,4,1,1,8
20200829NCSK0,20200829,NC,SK,B,35,8,9,14,3,0,2,1,4,4,1,0,6
20200830NCSK0,20200830,NC,SK,B,28,6,7,7,2,1,0,0,8,5,0,0,7
20200901NCWO0,20200901,NC,WO,T,32,5,5,10,2,0,1,0,4,10,1,0,6
20200902NCWO0,20200902,NC,WO,T,34,4,4,9,3,0,1,0,4,5,2,1,7
20200903NCLG0,20200903,NC,LG,T,40,4,5,16,2,0,0,3,3,11,2,2,11
20200904NCLG0,20200904,NC,LG,T,46,5,5,13,1,0,0,3,7,15,0,2,14
20200906NCSS0,20200906,NC,SS,T,31,3,3,5,0,0,1,0,2,10,1,0,3
20200908NCLT0,20200908,NC,LT,B,42,14,14,17,5,0,0,0,4,6,0,0,8
20200909NCLT0,20200909,NC,LT,B,42,5,5,11,4,1,1,1,5,9,1,0,12
20200910NCKT0,20200910,NC,KT,B,36,12,13,13,3,0,3,0,9,4,0,0,9
20200911NCKT0,20200911,NC,KT,B,37,8,9,13,4,0,3,2,3,7,0,0,7
20200912NCHT0,20200912,NC,HT,B,32,3,3,6,1,0,1,1,3,7,0,1,5
20200913NCHT0,20200913,NC,HT,B,32,3,3,8,0,0,0,3,6,6,0,2,11
20200915NCOB0,20200915,NC,OB,T,33,2,3,6,1,1,0,2,4,5,0,1,7
20200916NCOB0,20200916,NC,OB,T,34,4,5,8,1,0,2,2,4,10,0,0,7
20200917NCSK0,20200917,NC,SK,T,34,3,3,9,1,0,2,1,3,6,1,0,8
20200918NCSK0,20200918,NC,SK,T,31,9,9,8,0,1,1,1,7,6,0,0,4
20200919NCLT0,20200919,NC,LT,T,34,1,1,10,0,0,1,1,2,7,2,0,8
20200920NCLT1,20200920,NC,LT,T,37,6,6,13,0,0,2,1,4,8,0,0,10
20200920NCLT0,20200920,NC,LT,T,35,5,7,10,1,1,0,2,2,6,1,1,5
20200922NCSS0,20200922,NC,SS,B,30,2,3,6,1,0,0,1,6,4,1,0,9
20200923NCSS0,20200923,NC,SS,B,30,8,8,10,1,0,1,0,5,7,2,1,4
20200721OBWO0,20200721,OB,WO,B,31,6,6,7,2,1,1,2,1,6,0,0,2
20200724OBLG0,20200724,OB,LG,B,31,1,1,8,3,0,0,1,4,4,2,1,7
20200725OBLG0,20200725,OB,LG,B,31,7,7,10,4,0,1,0,2,6,0,1,3
20200726OBLG0,20200726,OB,LG,B,32,3,3,8,2,0,1,0,7,5,1,2,10
20200728OBWO0,20200728,OB,WO,B,36,2,2,9,2,0,1,0,2,4,0,1,9
20200730OBWO0,20200730,OB,WO,B,36,5,5,10,0,0,2,2,4,8,0,0,9
20200731OBNC0,20200731,OB,NC,T,39,7,7,14,2,0,1,2,4,8,1,0,10
20200801OBNC0,20200801,OB,NC,T,45,12,12,17,2,1,0,2,4,9,1,1,9
20200802OBNC0,20200802,OB,NC,T,48,7,7,15,5,0,0,2,2,8,2,0,8
20200804OBSS0,20200804,OB,SS,B,36,3,3,9,1,0,1,0,1,4,0,0,7
20200805OBSS0,20200805,OB,SS,B,28,2,2,4,0,0,0,1,4,4,0,1,6
20200806OBSS0,20200806,OB,SS,B,31,5,5,7,1,1,0,0,4,7,0,0,7
20200807OBLT0,20200807,OB,LT,B,35,4,4,11,1,0,0,2,1,2,1,2,7
20200808OBLT0,20200808,OB,LT,B,16,1,1,3,0,0,1,0,0,0,2,0,0
20200811OBSS0,20200811,OB,SS,T,33,6,6,9,1,0,1,0,6,4,2,0,6
20200812OBSS0,20200812,OB,SS,T,45,14,15,24,2,0,2,0,3,2,3,1,8
20200813OBSS0,20200813,OB,SS,T,28,2,2,4,0,0,1,1,9,11,1,0,10
20200814OBKT0,20200814,OB,KT,B,45,3,3,10,0,0,2,2,8,9,1,1,14
20200815OBKT0,20200815,OB,KT,B,38,7,7,13,1,0,1,3,3,3,1,1,8
20200816OBKT0,20200816,OB,KT,B,28,1,1,3,1,0,0,1,7,6,2,1,7
20200818OBLT0,20200818,OB,LT,T,43,7,9,16,2,0,0,1,5,10,0,1,14
20200819OBLT0,20200819,OB,LT,T,28,3,3,6,0,0,1,0,5,6,3,1,3
20200820OBLT0,20200820,OB,LT,B,40,5,5,14,4,0,0,0,3,10,1,0,11
20200821OBLT0,20200821,OB,LT,B,31,1,1,5,0,0,0,0,4,6,0,2,9
20200822OBSK0,20200822,OB,SK,T,39,6,8,12,1,0,2,2,5,9,0,0,9
20200823OBSK0,20200823,OB,SK,T,35,8,8,9,0,0,3,3,9,4,0,0,10
20200825OBHT0,20200825,OB,HT,B,37,10,10,15,1,0,3,0,5,2,1,1,9
20200826OBHT0,20200826,OB,HT,B,35,5,5,11,1,0,1,0,6,8,1,0,11
20200827OBNC0,20200827,OB,NC,T,37,2,2,13,6,0,0,0,2,4,1,1,10
20200828OBNC0,20200828,OB,NC,T,46,11,11,18,1,0,4,0,6,4,0,0,14
20200829OBLG0,20200829,OB,LG,T,35,5,5,11,3,0,1,2,3,3,0,0,6
20200830OBLG0,20200830,OB,LG,T,31,1,1,7,1,0,0,0,1,5,2,1,4
20200901OBHH0,20200901,OB,HH,B,33,4,4,10,2,0,0,1,2,5,1,0,8
20200903OBSS0,20200903,OB,SS,T,38,8,10,10,3,1,3,1,3,4,1,3,4
20200904OBSS0,20200904,OB,SS,T,32,4,5,8,1,0,0,0,5,12,2,1,6
20200905OBSK0,20200905,OB,SK,B,29,5,5,6,1,0,0,0,9,5,0,0,9
20200906OBSK0,20200906,OB,SK,B,38,10,10,14,2,0,2,0,5,3,0,1,9
20200908OBKT0,20200908,OB,KT,B,36,6,8,12,7,0,1,0,3,5,0,1,7
20200909OBKT0,20200909,OB,KT,B,41,2,2,10,2,0,0,1,3,6,0,2,11
20200910OBHT0,20200910,OB,HT,T,36,5,5,9,0,0,0,2,6,9,0,0,10
20200912OBWO0,20200912,OB,WO,T,29,0,0,4,1,0,0,0,2,8,2,0,4
20200913OBWO0,20200913,OB,WO,T,48,6,6,15,2,0,0,0,7,7,0,0,14
20200915OBNC0,20200915,OB,NC,B,30,6,7,8,3,0,0,0,4,3,0,1,4
20200916OBNC0,20200916,OB,NC,B,32,3,3,7,1,0,0,0,1,6,1,1,3
20200917OBKT0,20200917,OB,KT,T,33,0,0,6,0,0,0,0,0,5,2,0,6
20200918OBKT0,20200918,OB,KT,T,41,4,4,11,1,0,1,0,2,4,1,0,8
20200919OBLG0,20200919,OB,LG,B,36,6,6,10,2,0,2,0,3,8,1,1,6
20200920OBLG0,20200920,OB,LG,B,31,6,6,9,1,0,1,1,14,6,3,0,13
20200922OBHH0,20200922,OB,HH,T,29,1,1,6,0,0,1,0,4,5,3,0,5
20200923OBHH0,20200923,OB,HH,T,37,5,5,11,5,0,0,0,5,6,0,0,11
20200721SKLT0,20200721,SK,LT,B,34,8,8,13,1,0,3,2,4,6,1,0,7
20200724SKHH0,20200724,SK,HH,T,34,7,7,8,1,0,3,1,5,13,0,0,6
20200726SKHH0,20200726,SK,HH,T,35,7,7,10,2,0,0,1,7,5,1,0,8
20200727SKHH0,20200727,SK,HH,T,32,5,5,10,3,0,1,1,4,5,3,1,5
20200728SKLG0,20200728,SK,LG,B,34,7,7,8,3,0,2,0,7,10,1,0,7
20200729SKLG0,20200729,SK,LG,B,40,6,6,14,1,0,4,2,4,5,0,1,11
20200730SKLG0,20200730,SK,LG,B,30,1,1,4,3,0,0,0,4,8,0,0,6
20200731SKKT0,20200731,SK,KT,T,31,1,1,4,0,0,1,0,5,5,1,0,8
20200801SKKT0,20200801,SK,KT,T,32,0,0,6,1,0,0,0,2,5,1,1,7
20200804SKLT0,20200804,SK,LT,B,31,0,0,6,1,0,0,0,2,6,1,0,6
20200806SKLT0,20200806,SK,LT,B,33,2,2,8,1,0,1,0,1,8,1,1,6
20200807SKSS0,20200807,SK,SS,B,32,0,0,4,1,0,0,0,2,7,0,1,7
20200808SKSS0,20200808,SK,SS,B,19,2,4,3,2,1,0,0,3,0,0,1,3
20200811SKKT0,20200811,SK,KT,T,30,0,1,4,0,0,0,0,4,8,2,0,6
20200812SKKT0,20200812,SK,KT,T,36,11,11,12,3,0,1,1,10,5,1,1,8
20200813SKKT0,20200813,SK,KT,T,41,10,10,16,1,0,1,0,4,5,0,0,10
20200814SKHT0,20200814,SK,HT,T,31,6,6,12,1,0,0,3,9,6,2,1,10
20200815SKHT0,20200815,SK,HT,T,33,3,3,9,2,0,0,0,3,1,2,0,6
20200816SKHT0,20200816,SK,HT,T,34,5,5,7,2,0,0,0,7,13,0,0,9
20200818SKHH0,20200818,SK,HH,B,31,8,9,8,2,0,2,0,7,4,0,0,7
20200819SKHH0,20200819,SK,HH,B,46,26,26,22,4,0,6,0,11,4,0,2,7
20200820SKSS0,20200820,SK,SS,B,35,3,3,11,0,0,2,0,4,6,2,3,10
20200821SKSS0,20200821,SK,SS,B,32,8,8,12,2,0,0,0,8,2,0,2,11
20200822SKOB0,20200822,SK,OB,B,36,1,1,9,2,0,1,0,5,7,0,1,13
20200823SKOB0,20200823,SK,OB,B,34,1,1,9,1,1,0,0,5,7,0,1,12
20200825SKLT0,20200825,SK,LT,T,37,10,10,11,3,0,2,1,9,3,1,2,9
20200826SKLT0,20200826,SK,LT,T,29,1,1,4,0,0,1,1,2,7,2,0,3
20200827SKHT0,20200827,SK,HT,B,36,10,10,14,4,0,2,1,3,6,0,0,8
20200828SKHT0,20200828,SK,HT,B,33,7,8,11,2,2,1,0,9,10,2,1,9
20200829SKNC0,20200829,SK,NC,T,35,5,5,9,0,0,2,0,2,5,1,2,5
20200830SKNC0,20200830,SK,NC,T,33,4,4,7,1,0,3,0,3,7,0,1,6
20200901SKLG0,20200901,SK,LG,B,35,5,5,10,0,0,0,1,6,8,1,2,10
20200903SKKT0,20200903,SK,KT,T,32,2,2,8,1,0,0,1,5,2,2,0,8
20200904SKKT0,20200904,SK,KT,T,32,2,2,5,0,0,1,0,3,6,0,1,6
20200904SKKT1,20200904,SK,KT,T,34,5,5,10,2,0,2,0,0,6,0,0,4
20200905SKOB0,20200905,SK,OB,T,30,1,1,5,0,0,1,0,2,7,1,0,4
20200906SKOB0,20200906,SK,OB,T,31,0,0,3,0,0,0,0,2,7,0,1,6
20200908SKWO0,20200908,SK,WO,B,45,12,15,16,4,0,3,0,5,8,0,0,9
20200909SKWO0,20200909,SK,WO,B,35,4,4,9,1,0,2,0,2,3,2,4,6
20200910SKHH0,20200910,SK,HH,T,36,5,5,9,1,0,1,1,5,5,0,0,9
20200911SKHH0,20200911,SK,HH,T,33,3,4,8,3,0,0,0,2,5,0,2,5
20200912SKLT0,20200912,SK,LT,B,29,1,2,5,1,0,0,0,3,2,1,0,6
20200913SKLT0,20200913,SK,LT,B,27,3,3,4,0,0,2,1,2,5,1,0,2
20200915SKHT0,20200915,SK,HT,T,40,16,16,17,1,0,2,3,10,5,3,0,9
20200916SKHT0,20200916,SK,HT,T,37,6,7,11,4,0,0,0,8,5,1,0,11
20200917SKNC0,20200917,SK,NC,B,30,0,0,4,0,0,0,1,2,11,0,0,6
20200918SKNC0,20200918,SK,NC,B,31,5,5,8,2,0,3,0,6,4,1,0,5
20200919SKKT0,20200919,SK,KT,B,30,0,0,3,0,0,0,0,4,6,1,1,7
20200920SKKT0,20200920,SK,KT,B,28,1,2,3,1,0,0,0,3,4,3,2,2
20200922SKLG0,20200922,SK,LG,T,31,2,2,3,0,0,1,1,1,9,0,1,3
20200923SKLG0,20200923,SK,LG,T,33,2,2,8,3,0,0,0,1,10,0,0,7
20200721SSNC0,20200721,SS,NC,T,36,5,5,9,0,0,1,3,4,7,2,0,6
20200725SSHT0,20200725,SS,HT,T,32,2,2,7,1,0,0,1,6,10,0,0,9
20200726SSHT0,20200726,SS,HT,T,36,5,5,12,4,0,1,1,4,4,0,1,11
20200729SSHH0,20200729,SS,HH,B,34,7,7,9,1,0,2,1,10,7,1,3,10
20200730SSHH0,20200730,SS,HH,B,36,1,2,6,2,0,0,3,8,12,0,1,12
20200731SSWO0,20200731,SS,WO,B,35,3,3,8,1,0,0,0,5,5,0,1,10
20200801SSWO0,20200801,SS,WO,B,34,7,7,8,4,0,0,0,6,8,0,1,6
20200802SSWO0,20200802,SS,WO,B,39,2,2,10,1,0,1,1,2,8,0,1,9
20200804SSOB0,20200804,SS,OB,T,34,5,6,7,2,0,1,1,7,10,0,1,8
20200805SSOB0,20200805,SS,OB,T,34,2,2,12,2,0,0,1,4,4,1,3,13
20200806SSOB0,20200806,SS,OB,T,38,2,2,11,0,0,0,3,2,7,0,1,11
20200807SSSK0,20200807,SS,SK,T,29,2,2,6,1,0,1,2,6,7,1,1,7
20200808SSSK0,20200808,SS,SK,T,17,2,2,5,1,0,1,0,1,1,0,1,2
20200811SSOB0,20200811,SS,OB,B,34,1,1,8,0,0,1,0,2,5,1,0,8
20200812SSOB0,20200812,SS,OB,B,42,7,8,16,4,0,2,0,1,6,1,2,8
20200813SSOB0,20200813,SS,OB,B,33,3,3,9,1,0,2,1,5,5,0,1,11
20200814SSHH0,20200814,SS,HH,T,41,10,10,15,4,0,1,2,3,6,1,0,7
20200815SSHH0,20200815,SS,HH,T,29,2,2,3,0,0,1,0,4,11,0,1,5
20200816SSHH0,20200816,SS,HH,T,32,2,2,5,1,0,2,1,2,9,0,1,5
20200818SSKT0,20200818,SS,KT,B,32,2,3,6,3,0,0,0,4,6,1,1,7
20200819SSKT0,20200819,SS,KT,B,34,4,4,11,0,0,0,0,2,7,3,1,7
20200820SSSK0,20200820,SS,SK,T,35,7,8,9,2,0,0,2,6,9,1,0,7
20200821SSSK0,20200821,SS,SK,T,37,6,6,11,1,1,2,0,9,8,1,0,14
20200822SSLT0,20200822,SS,LT,B,35,3,3,10,1,0,0,3,2,5,1,1,8
20200823SSLT0,20200823,SS,LT,B,31,0,0,4,0,0,0,0,4,7,0,1,8
20200825SSLG0,20200825,SS,LG,B,31,4,4,7,1,0,2,0,0,4,0,1,3
20200826SSLG0,20200826,SS,LG,B,35,5,5,9,0,0,1,0,2,6,1,0,5
20200827SSHH0,20200827,SS,HH,T,32,0,0,8,0,0,0,1,1,6,1,0,6
20200829SSWO0,20200829,SS,WO,T,37,5,5,10,2,0,0,1,2,10,0,0,8
20200830SSWO0,20200830,SS,WO,T,34,2,2,10,0,0,0,2,1,5,1,1,8
20200901SSHT0,20200901,SS,HT,T,30,0,0,4,0,0,0,0,1,5,2,1,4
20200903SSOB0,20200903,SS,OB,B,35,11,11,16,5,1,1,1,4,6,2,2,6
20200904SSOB0,20200904,SS,OB,B,37,12,12,16,3,0,2,1,9,3,2,0,12
20200906SSNC0,20200906,SS,NC,B,34,5,5,10,0,0,3,0,3,5,0,0,8
20200908SSHH0,20200908,SS,HH,B,36,2,2,7,1,0,0,2,3,6,0,0,8
20200909SSHH1,20200909,SS,HH,B,31,0,0,3,0,0,0,0,4,4,0,0,8
20200909SSHH0,20200909,SS,HH,B,31,4,4,7,0,0,1,2,4,11,0,3,5
20200910SSLT0,20200910,SS,LT,T,37,7,8,10,5,0,0,0,3,6,0,1,6
20200911SSLT0,20200911,SS,LT,T,36,4,4,8,0,0,2,0,1,9,0,2,7
20200912SSLG0,20200912,SS,LG,T,32,5,5,7,0,1,2,1,4,8,1,0,4
20200913SSLG0,20200913,SS,LG,T,42,9,11,18,1,1,1,2,5,5,0,0,13
20200915SSKT0,20200915,SS,KT,T,37,7,7,14,1,0,1,0,4,1,2,2,8
20200916SSKT0,20200916,SS,KT,T,39,4,6,14,1,0,0,0,6,4,1,0,12
20200917SSHT0,20200917,SS,HT,B,33,2,2,7,0,0,0,0,3,11,0,2,8
20200918SSHT0,20200918,SS,HT,B,35,4,5,9,2,0,0,0,4,9,1,1,8
20200919SSWO0,20200919,SS,WO,B,37,7,7,11,3,0,2,2,3,6,2,0,6
20200920SSWO0,20200920,SS,WO,B,42,12,14,18,0,0,3,1,5,6,1,0,10
20200922SSNC0,20200922,SS,NC,T,33,2,2,6,0,0,0,0,1,11,0,0,5
20200923SSNC0,20200923,SS,NC,T,36,5,7,10,2,1,1,2,2,11,0,0,5
20200721WOOB0,20200721,WO,OB,T,35,1,1,9,1,0,0,0,1,9,0,0,8
20200724WOLT0,20200724,WO,LT,B,31,2,2,6,2,0,1,1,2,12,1,0,5
20200725WOLT0,20200725,WO,LT,B,27,3,3,3,1,0,0,0,7,8,1,1,6
20200726WOLT0,20200726,WO,LT,B,35,8,8,13,4,0,0,0,5,5,1,1,8
20200728WOOB0,20200728,WO,OB,T,34,5,6,8,2,0,1,0,7,6,0,0,10
20200730WOOB0,20200730,WO,OB,T,34,8,8,13,2,0,1,2,4,2,2,0,4
20200731WOSS0,20200731,WO,SS,T,36,9,10,10,2,0,3,1,6,7,1,0,5
20200801WOSS0,20200801,WO,SS,T,48,21,22,23,7,0,1,1,12,6,0,1,13
20200802WOSS0,20200802,WO,SS,T,38,4,4,10,2,0,0,0,2,4,2,1,7
20200804WOKT0,20200804,WO,KT,B,34,2,2,10,0,0,1,0,3,7,2,1,9
20200805WOKT0,20200805,WO,KT,B,40,12,12,15,2,0,1,0,6,7,0,2,10
20200806WOKT0,20200806,WO,KT,B,28,3,3,7,2,0,1,1,5,4,1,1,8
20200807WOLG0,20200807,WO,LG,B,32,2,2,6,2,0,0,0,5,8,0,3,9
20200808WOLG0,20200808,WO,LG,B,32,5,5,9,1,0,1,1,3,7,1,0,6
20200809WOLG0,20200809,WO,LG,B,28,1,2,7,0,0,0,2,4,6,2,0,8
20200811WOHH0,20200811,WO,HH,B,45,5,5,12,1,0,1,2,8,13,0,2,15
20200812WOHH0,20200812,WO,HH,B,30,3,3,9,2,0,1,1,7,3,3,0,8
20200813WOHH0,20200813,WO,HH,B,31,6,6,11,1,1,1,1,3,4,1,0,6
20200814WOLT0,20200814,WO,LT,T,32,1,1,5,2,0,0,0,3,7,1,0,7
20200815WOLT0,20200815,WO,LT,T,34,3,3,9,4,0,0,0,2,4,1,3,6
20200816WOLT0,20200816,WO,LT,T,35,5,6,9,5,0,1,1,5,4,0,1,8
20200818WONC0,20200818,WO,NC,T,34,1,1,7,0,0,0,1,1,6,0,0,7
20200819WONC0,20200819,WO,NC,T,35,6,6,8,3,0,1,1,5,5,1,3,7
20200820WOLG0,20200820,WO,LG,B,31,6,6,8,2,0,0,2,7,6,1,2,9
20200821WOLG0,20200821,WO,LG,B,33,3,3,6,0,0,1,1,3,6,0,0,6
20200822WOHT0,20200822,WO,HT,B,32,4,4,10,1,0,1,1,5,6,2,1,9
20200823WOHT0,20200823,WO,HT,B,37,5,7,13,2,1,0,1,3,9,1,0,7
20200825WOKT0,20200825,WO,KT,T,36,3,4,10,0,0,0,2,7,6,0,0,13
20200826WOKT0,20200826,WO,KT,T,36,5,5,8,0,1,2,1,3,6,1,1,5
20200827WOLT0,20200827,WO,LT,T,40,11,11,15,5,0,3,2,4,2,2,0,7
20200828WOLT0,20200828,WO,LT,T,36,7,8,11,3,0,2,5,7,7,0,0,9
20200829WOSS0,20200829,WO,SS,B,30,4,4,8,2,0,0,0,3,3,3,1,4
20200830WOSS0,20200830,WO,SS,B,34,3,3,11,1,1,0,3,3,4,1,0,10
20200901WONC0,20200901,WO,NC,B,33,2,2,6,2,0,0,0,2,7,0,1,6
20200902WONC0,20200902,WO,NC,B,31,6,6,7,2,0,0,1,10,7,0,0,11
20200903WOHH0,20200903,WO,HH,T,34,6,6,9,0,0,1,2,5,8,0,2,7
20200904WOHH0,20200904,WO,HH,T,32,1,1,6,1,0,0,2,4,8,0,1,8
20200905WOKT0,20200905,WO,KT,B,32,1,1,5,1,0,0,0,0,7,0,1,4
20200906WOKT0,20200906,WO,KT,B,34,7,7,9,2,0,2,0,4,10,1,1,4
20200908WOSK0,20200908,WO,SK,T,43,15,16,17,4,0,5,0,6,7,1,4,6
20200909WOSK0,20200909,WO,SK,T,35,10,13,11,2,0,1,3,16,5,3,1,13
20200910WOLG0,20200910,WO,LG,T,32,1,1,6,1,0,1,0,3,7,0,1,8
20200911WOLG0,20200911,WO,LG,T,38,8,8,13,3,1,0,1,2,4,1,0,6
20200912WOOB0,20200912,WO,OB,B,31,2,2,9,2,0,0,0,4,6,0,0,10
20200913WOOB0,20200913,WO,OB,B,49,6,6,13,1,0,0,2,11,15,0,2,18
20200915WOLT0,20200915,WO,LT,B,38,5,5,11,1,0,0,0,8,7,1,0,14
20200917WOHH0,20200917,WO,HH,B,26,5,5,4,2,0,0,0,8,9,1,0,6
20200918WOHH0,20200918,WO,HH,B,31,0,0,4,2,0,0,1,3,9,0,1,7
20200919WOSS0,20200919,WO,SS,T,39,8,8,15,3,0,0,2,3,12,0,1,8
20200920WOSS0,20200920,WO,SS,T,37,6,6,13,2,0,1,0,4,7,3,4,8
20200922WOHT0,20200922,WO,HT,T,32,2,2,5,1,0,0,0,3,3,0,1,6
20200923WOHT0,20200923,WO,HT,T,42,13,13,17,3,2,2,0,5,6,1,0,8
20200924KTHT0,20200924,KT,HT,B,34,2,3,8,2,0,0,0,3,11,0,0,7
20200924HTKT0,20200924,HT,KT,T,40,4,5,16,4,1,0,0,5,3,1,1,14
20200924NCLG0,20200924,NC,LG,B,39,12,12,17,4,0,2,0,5,4,1,0,9
20200924LGNC0,20200924,LG,NC,T,35,8,8,9,1,0,4,1,7,11,1,1,7
20200924HHLT0,20200924,HH,LT,B,36,7,7,15,4,0,1,2,4,8,2,3,10
20200924LTHH0,20200924,LT,HH,T,32,4,4,6,0,0,0,3,5,5,1,3,7
20200924WOSK0,20200924,WO,SK,B,32,6,6,9,1,0,0,2,3,7,0,0,6
20200924SKWO0,20200924,SK,WO,T,29,1,1,6,1,0,0,1,4,8,3,1,5
20200924OBSS0,20200924,OB,SS,B,26,1,1,1,0,0,0,0,6,5,0,1,8
20200924SSOB0,20200924,SS,OB,T,32,0,0,7,1,0,0,1,2,8,2,3,7
20200925KTHT0,20200925,KT,HT,B,31,7,7,12,1,0,2,1,7,1,2,0,9
20200925HTKT0,20200925,HT,KT,T,37,3,3,12,2,0,0,0,3,4,1,0,10
20200925NCLG0,20200925,NC,LG,B,30,7,7,9,2,1,1,2,9,10,1,1,11
20200925LGNC0,20200925,LG,NC,T,33,1,1,7,0,0,1,0,3,7,1,1,8
20200925HHLT0,20200925,HH,LT,B,40,6,6,13,2,0,3,0,7,7,1,0,13
20200925LTHH0,20200925,LT,HH,T,37,5,5,13,0,0,2,0,4,6,3,0,7
20200925WOSK0,20200925,WO,SK,B,45,5,6,17,4,0,0,2,4,11,1,0,11
20200925SKWO0,20200925,SK,WO,T,40,7,8,10,3,0,1,7,7,6,1,1,7
20200925OBSS0,20200925,OB,SS,B,32,3,3,7,1,1,0,0,2,6,0,1,6
20200925SSOB0,20200925,SS,OB,T,31,3,4,7,0,0,1,2,2,7,1,0,3
20200926KTLG0,20200926,KT,LG,B,31,1,1,7,2,0,0,2,4,5,0,0,8
20200926LGKT0,20200926,LG,KT,T,31,3,3,7,1,1,0,1,6,3,1,1,9
20200926HTLT0,20200926,HT,LT,B,34,3,3,8,1,0,0,0,6,7,2,0,10
20200926LTHT0,20200926,LT,HT,T,44,15,16,18,7,0,1,0,5,5,0,1,7
20200926HHNC0,20200926,HH,NC,B,36,1,1,9,2,0,1,0,1,7,0,1,9
20200926NCHH0,20200926,NC,HH,T,42,12,13,16,1,1,2,0,9,7,0,0,11
20200926SSSK0,20200926,SS,SK,B,33,8,8,12,1,0,3,0,4,3,2,0,6
20200926SKSS0,20200926,SK,SS,T,32,2,2,8,0,0,1,0,2,10,0,0,7
20200926OBWO0,20200926,OB,WO,B,31,4,4,9,2,1,0,0,2,3,0,0,7
20200926WOOB0,20200926,WO,OB,T,30,0,0,3,1,0,0,1,2,9,0,0,5
20200927KTLG0,20200927,KT,LG,B,28,4,5,8,1,0,1,1,7,2,3,1,8
20200927LGKT0,20200927,LG,KT,T,35,4,4,9,2,0,2,1,2,7,1,2,6
20200927HTLT0,20200927,HT,LT,B,37,2,2,9,1,1,0,0,4,8,0,0,11
20200927LTHT0,20200927,LT,HT,T,33,1,1,6,1,0,0,0,3,6,0,1,7
20200927HHNC0,20200927,HH,NC,B,31,3,4,5,1,0,0,0,5,9,1,1,5
20200927NCHH0,20200927,NC,HH,T,35,3,5,9,4,0,1,1,5,4,1,2,8
20200927SSSK0,20200927,SS,SK,B,30,1,1,3,0,0,0,1,6,7,0,0,9
20200927SKSS0,20200927,SK,SS,T,42,12,12,16,5,0,4,1,3,11,0,1,6
20200927OBWO0,20200927,OB,WO,B,31,3,3,7,0,0,0,2,5,7,1,0,7
20200927WOOB0,20200927,WO,OB,T,37,7,7,12,3,0,2,1,2,8,0,2,7
20200927OBWO1,20200927,OB,WO,B,29,5,6,10,3,1,0,0,6,3,1,0,7
20200927WOOB1,20200927,WO,OB,T,36,1,1,11,1,1,0,1,2,8,2,2,10
