G_ID,GDAY_DS,VISIT_KEY,HOME_KEY,HEADER_NO,GWEEK,STADIUM
20180324HHWO0,20180324,HH,WO,0,토,고척
20180324KTHT0,20180324,KT,HT,0,토,광주
20180324LGNC0,20180324,LG,NC,0,토,마산
20180324LTSK0,20180324,LT,SK,0,토,문학
20180324SSOB0,20180324,SS,OB,0,토,잠실
20180325HHWO0,20180325,HH,WO,0,일,고척
20180325KTHT0,20180325,KT,HT,0,일,광주
20180325LGNC0,20180325,LG,NC,0,일,마산
20180325LTSK0,20180325,LT,SK,0,일,문학
20180325SSOB0,20180325,SS,OB,0,일,잠실
20180327HHNC0,20180327,HH,NC,0,화,마산
20180327KTSK0,20180327,KT,SK,0,화,문학
20180327LGWO0,20180327,LG,WO,0,화,고척
20180327LTOB0,20180327,LT,OB,0,화,잠실
20180327SSHT0,20180327,SS,HT,0,화,광주
20180328HHNC0,20180328,HH,NC,0,수,마산
20180328KTSK0,20180328,KT,SK,0,수,문학
20180328LGWO0,20180328,LG,WO,0,수,고척
20180328LTOB0,20180328,LT,OB,0,수,잠실
20180328SSHT0,20180328,SS,HT,0,수,광주
20180329HHNC0,20180329,HH,NC,0,목,마산
20180329KTSK0,20180329,KT,SK,0,목,문학
20180329LGWO0,20180329,LG,WO,0,목,고척
20180329LTOB0,20180329,LT,OB,0,목,잠실
20180329SSHT0,20180329,SS,HT,0,목,광주
20180330HTLG0,20180330,HT,LG,0,금,잠실
20180330NCLT0,20180330,NC,LT,0,금,사직
20180330OBKT0,20180330,OB,KT,0,금,수원
20180330SKHH0,20180330,SK,HH,0,금,대전
20180330WOSS0,20180330,WO,SS,0,금,대구
20180331HTLG0,20180331,HT,LG,0,토,잠실
20180331NCLT0,20180331,NC,LT,0,토,사직
20180331OBKT0,20180331,OB,KT,0,토,수원
20180331SKHH0,20180331,SK,HH,0,토,대전
20180331WOSS0,20180331,WO,SS,0,토,대구
20180401HTLG0,20180401,HT,LG,0,일,잠실
20180401NCLT0,20180401,NC,LT,0,일,사직
20180401OBKT0,20180401,OB,KT,0,일,수원
20180401SKHH0,20180401,SK,HH,0,일,대전
20180401WOSS0,20180401,WO,SS,0,일,대구
20180403HTSK0,20180403,HT,SK,0,화,문학
20180403KTWO0,20180403,KT,WO,0,화,고척
20180403LGOB0,20180403,LG,OB,0,화,잠실
20180403LTHH0,20180403,LT,HH,0,화,대전
20180403SSNC0,20180403,SS,NC,0,화,마산
20180404HTSK0,20180404,HT,SK,0,수,문학
20180404KTWO0,20180404,KT,WO,0,수,고척
20180404LGOB0,20180404,LG,OB,0,수,잠실
20180404LTHH0,20180404,LT,HH,0,수,대전
20180404SSNC0,20180404,SS,NC,0,수,마산
20180405KTWO0,20180405,KT,WO,0,목,고척
20180405SSNC0,20180405,SS,NC,0,목,마산
20180406LGLT0,20180406,LG,LT,0,금,사직
20180406WOHT0,20180406,WO,HT,0,금,광주
20180407HHKT0,20180407,HH,KT,0,토,수원
20180407LGLT0,20180407,LG,LT,0,토,사직
20180407NCOB0,20180407,NC,OB,0,토,잠실
20180407SSSK0,20180407,SS,SK,0,토,문학
20180407WOHT0,20180407,WO,HT,0,토,광주
20180408HHKT0,20180408,HH,KT,0,일,수원
20180408LGLT0,20180408,LG,LT,0,일,사직
20180408NCOB0,20180408,NC,OB,0,일,잠실
20180408SSSK0,20180408,SS,SK,0,일,문학
20180408WOHT0,20180408,WO,HT,0,일,광주
20180410HTHH0,20180410,HT,HH,0,화,대전
20180410KTNC0,20180410,KT,NC,0,화,마산
20180410OBSS0,20180410,OB,SS,0,화,대구
20180410SKLG0,20180410,SK,LG,0,화,잠실
20180410WOLT0,20180410,WO,LT,0,화,울산
20180411HTHH0,20180411,HT,HH,0,수,대전
20180411KTNC0,20180411,KT,NC,0,수,마산
20180411OBSS0,20180411,OB,SS,0,수,대구
20180411SKLG0,20180411,SK,LG,0,수,잠실
20180411WOLT0,20180411,WO,LT,0,수,울산
20180412HTHH0,20180412,HT,HH,0,목,대전
20180412KTNC0,20180412,KT,NC,0,목,마산
20180412OBSS0,20180412,OB,SS,0,목,대구
20180412SKLG0,20180412,SK,LG,0,목,잠실
20180412WOLT0,20180412,WO,LT,0,목,울산
20180413KTLG0,20180413,KT,LG,0,금,잠실
20180413LTHT0,20180413,LT,HT,0,금,광주
20180413NCSK0,20180413,NC,SK,0,금,문학
20180413OBWO0,20180413,OB,WO,0,금,고척
20180413SSHH0,20180413,SS,HH,0,금,대전
20180414KTLG0,20180414,KT,LG,0,토,잠실
20180414NCSK0,20180414,NC,SK,0,토,문학
20180414OBWO0,20180414,OB,WO,0,토,고척
20180414SSHH0,20180414,SS,HH,0,토,대전
20180415KTLG0,20180415,KT,LG,0,일,잠실
20180415NCSK0,20180415,NC,SK,0,일,문학
20180415OBWO0,20180415,OB,WO,0,일,고척
20180415SSHH0,20180415,SS,HH,0,일,대전
20180417HHOB0,20180417,HH,OB,0,화,잠실
20180417LGHT0,20180417,LG,HT,0,화,광주
20180417NCWO0,20180417,NC,WO,0,화,고척
20180417SKKT0,20180417,SK,KT,0,화,수원
20180417SSLT0,20180417,SS,LT,0,화,사직
20180418HHOB0,20180418,HH,OB,0,수,잠실
20180418LGHT0,20180418,LG,HT,0,수,광주
20180418NCWO0,20180418,NC,WO,0,수,고척
20180418SKKT0,20180418,SK,KT,0,수,수원
20180418SSLT0,20180418,SS,LT,0,수,사직
20180419HHOB0,20180419,HH,OB,0,목,잠실
20180419LGHT0,20180419,LG,HT,0,목,광주
20180419NCWO0,20180419,NC,WO,0,목,고척
20180419SKKT0,20180419,SK,KT,0,목,수원
20180419SSLT0,20180419,SS,LT,0,목,사직
20180420HTOB0,20180420,HT,OB,0,금,잠실
20180420KTSS0,20180420,KT,SS,0,금,대구
20180420LGNC0,20180420,LG,NC,0,금,마산
20180420SKLT0,20180420,SK,LT,0,금,사직
20180420WOHH0,20180420,WO,HH,0,금,대전
20180421HTOB0,20180421,HT,OB,0,토,잠실
20180421KTSS0,20180421,KT,SS,0,토,대구
20180421LGNC0,20180421,LG,NC,0,토,마산
20180421SKLT0,20180421,SK,LT,0,토,사직
20180421WOHH0,20180421,WO,HH,0,토,대전
20180422HTOB0,20180422,HT,OB,0,일,잠실
20180422KTSS0,20180422,KT,SS,0,일,대구
20180422LGNC0,20180422,LG,NC,0,일,마산
20180422SKLT0,20180422,SK,LT,0,일,사직
20180422WOHH0,20180422,WO,HH,0,일,대전
20180424LTKT0,20180424,LT,KT,0,화,수원
20180424NCSS0,20180424,NC,SS,0,화,대구
20180424OBSK0,20180424,OB,SK,0,화,문학
20180424WOLG0,20180424,WO,LG,0,화,잠실
20180425HHHT0,20180425,HH,HT,0,수,광주
20180425LTKT0,20180425,LT,KT,0,수,수원
20180425NCSS0,20180425,NC,SS,0,수,대구
20180425OBSK0,20180425,OB,SK,0,수,문학
20180425WOLG0,20180425,WO,LG,0,수,잠실
20180426HHHT0,20180426,HH,HT,0,목,광주
20180426LTKT0,20180426,LT,KT,0,목,수원
20180426NCSS0,20180426,NC,SS,0,목,대구
20180426OBSK0,20180426,OB,SK,0,목,문학
20180426WOLG0,20180426,WO,LG,0,목,잠실
20180427HHLT0,20180427,HH,LT,0,금,사직
20180427HTKT0,20180427,HT,KT,0,금,수원
20180427OBNC0,20180427,OB,NC,0,금,마산
20180427SKWO0,20180427,SK,WO,0,금,고척
20180427SSLG0,20180427,SS,LG,0,금,잠실
20180428HHLT0,20180428,HH,LT,0,토,사직
20180428HTKT0,20180428,HT,KT,0,토,수원
20180428OBNC0,20180428,OB,NC,0,토,마산
20180428SKWO0,20180428,SK,WO,0,토,고척
20180428SSLG0,20180428,SS,LG,0,토,잠실
20180429HHLT0,20180429,HH,LT,0,일,사직
20180429HTKT0,20180429,HT,KT,0,일,수원
20180429OBNC0,20180429,OB,NC,0,일,마산
20180429SKWO0,20180429,SK,WO,0,일,고척
20180429SSLG0,20180429,SS,LG,0,일,잠실
20180501HTLT0,20180501,HT,LT,0,화,사직
20180501KTOB0,20180501,KT,OB,0,화,잠실
20180501LGHH0,20180501,LG,HH,0,화,대전
20180501SKSS0,20180501,SK,SS,0,화,대구
20180501WONC0,20180501,WO,NC,0,화,마산
20180502HTLT0,20180502,HT,LT,0,수,사직
20180502LGHH0,20180502,LG,HH,0,수,대전
20180502SKSS0,20180502,SK,SS,0,수,대구
20180502WONC0,20180502,WO,NC,0,수,마산
20180503HTLT0,20180503,HT,LT,0,목,사직
20180503KTOB0,20180503,KT,OB,0,목,잠실
20180503LGHH0,20180503,LG,HH,0,목,대전
20180503SKSS0,20180503,SK,SS,0,목,대구
20180503WONC0,20180503,WO,NC,0,목,마산
20180504HHSS0,20180504,HH,SS,0,금,대구
20180504LTSK0,20180504,LT,SK,0,금,문학
20180504NCHT0,20180504,NC,HT,0,금,광주
20180504OBLG0,20180504,OB,LG,0,금,잠실
20180504WOKT0,20180504,WO,KT,0,금,수원
20180505HHSS0,20180505,HH,SS,0,토,대구
20180505LTSK0,20180505,LT,SK,0,토,문학
20180505NCHT0,20180505,NC,HT,0,토,광주
20180505OBLG0,20180505,OB,LG,0,토,잠실
20180505WOKT0,20180505,WO,KT,0,토,수원
20180506NCHT0,20180506,NC,HT,0,일,광주
20180506OBLG0,20180506,OB,LG,0,일,잠실
20180508HHWO0,20180508,HH,WO,0,화,고척
20180508LTLG0,20180508,LT,LG,0,화,잠실
20180508OBHT0,20180508,OB,HT,0,화,광주
20180508SKNC0,20180508,SK,NC,0,화,마산
20180508SSKT0,20180508,SS,KT,0,화,수원
20180509HHWO0,20180509,HH,WO,0,수,고척
20180509LTLG0,20180509,LT,LG,0,수,잠실
20180509OBHT0,20180509,OB,HT,0,수,광주
20180509SKNC0,20180509,SK,NC,0,수,마산
20180509SSKT0,20180509,SS,KT,0,수,수원
20180510HHWO0,20180510,HH,WO,0,목,고척
20180510LTLG0,20180510,LT,LG,0,목,잠실
20180510OBHT0,20180510,OB,HT,0,목,광주
20180510SKNC0,20180510,SK,NC,0,목,마산
20180510SSKT0,20180510,SS,KT,0,목,수원
20180511HTSS0,20180511,HT,SS,0,금,대구
20180511KTLT0,20180511,KT,LT,0,금,사직
20180511LGSK0,20180511,LG,SK,0,금,문학
20180511NCHH0,20180511,NC,HH,0,금,대전
20180511WOOB0,20180511,WO,OB,0,금,잠실
20180513HTSS0,20180513,HT,SS,0,일,대구
20180513KTLT0,20180513,KT,LT,0,일,사직
20180513LGSK0,20180513,LG,SK,0,일,문학
20180513NCHH0,20180513,NC,HH,0,일,대전
20180513WOOB0,20180513,WO,OB,0,일,잠실
20180515HTWO0,20180515,HT,WO,0,화,고척
20180515KTHH0,20180515,KT,HH,0,화,대전
20180515LGSS0,20180515,LG,SS,0,화,포항
20180515LTNC0,20180515,LT,NC,0,화,마산
20180515SKOB0,20180515,SK,OB,0,화,잠실
20180516HTWO0,20180516,HT,WO,0,수,고척
20180516KTHH0,20180516,KT,HH,0,수,대전
20180516LGSS0,20180516,LG,SS,0,수,포항
20180516SKOB0,20180516,SK,OB,0,수,잠실
20180517HTWO0,20180517,HT,WO,0,목,고척
20180517KTHH0,20180517,KT,HH,0,목,대전
20180517LGSS0,20180517,LG,SS,0,목,포항
20180517LTNC0,20180517,LT,NC,0,목,마산
20180518HHLG0,20180518,HH,LG,0,금,잠실
20180518NCKT0,20180518,NC,KT,0,금,수원
20180518OBLT0,20180518,OB,LT,0,금,사직
20180518SKHT0,20180518,SK,HT,0,금,광주
20180518SSWO0,20180518,SS,WO,0,금,고척
20180519HHLG0,20180519,HH,LG,0,토,잠실
20180519NCKT0,20180519,NC,KT,0,토,수원
20180519OBLT0,20180519,OB,LT,0,토,사직
20180519SKHT0,20180519,SK,HT,0,토,광주
20180519SSWO0,20180519,SS,WO,0,토,고척
20180520HHLG0,20180520,HH,LG,0,일,잠실
20180520NCKT0,20180520,NC,KT,0,일,수원
20180520OBLT0,20180520,OB,LT,0,일,사직
20180520SKHT0,20180520,SK,HT,0,일,광주
20180520SSWO0,20180520,SS,WO,0,일,고척
20180522KTHT0,20180522,KT,HT,0,화,광주
20180522LTSS0,20180522,LT,SS,0,화,대구
20180522NCLG0,20180522,NC,LG,0,화,잠실
20180522OBHH0,20180522,OB,HH,0,화,대전
20180522WOSK0,20180522,WO,SK,0,화,문학
20180523KTHT0,20180523,KT,HT,0,수,광주
20180523LTSS0,20180523,LT,SS,0,수,대구
20180523NCLG0,20180523,NC,LG,0,수,잠실
20180523OBHH0,20180523,OB,HH,0,수,대전
20180523WOSK0,20180523,WO,SK,0,수,문학
20180524KTHT0,20180524,KT,HT,0,목,광주
20180524LTSS0,20180524,LT,SS,0,목,대구
20180524NCLG0,20180524,NC,LG,0,목,잠실
20180524OBHH0,20180524,OB,HH,0,목,대전
20180524WOSK0,20180524,WO,SK,0,목,문학
20180525HHSK0,20180525,HH,SK,0,금,문학
20180525HTNC0,20180525,HT,NC,0,금,마산
20180525LGKT0,20180525,LG,KT,0,금,수원
20180525LTWO0,20180525,LT,WO,0,금,고척
20180525SSOB0,20180525,SS,OB,0,금,잠실
20180526HHSK0,20180526,HH,SK,0,토,문학
20180526HTNC0,20180526,HT,NC,0,토,마산
20180526LGKT0,20180526,LG,KT,0,토,수원
20180526LTWO0,20180526,LT,WO,0,토,고척
20180526SSOB0,20180526,SS,OB,0,토,잠실
20180527HHSK0,20180527,HH,SK,0,일,문학
20180527HTNC0,20180527,HT,NC,0,일,마산
20180527LGKT0,20180527,LG,KT,0,일,수원
20180527LTWO0,20180527,LT,WO,0,일,고척
20180527SSOB0,20180527,SS,OB,0,일,잠실
20180529KTSS0,20180529,KT,SS,0,화,대구
20180529LGLT0,20180529,LG,LT,0,화,사직
20180529NCHH0,20180529,NC,HH,0,화,대전
20180529WOHT0,20180529,WO,HT,0,화,광주
20180530KTSS0,20180530,KT,SS,0,수,대구
20180530LGLT0,20180530,LG,LT,0,수,사직
20180530NCHH0,20180530,NC,HH,0,수,대전
20180530SKOB0,20180530,SK,OB,0,수,잠실
20180530WOHT0,20180530,WO,HT,0,수,광주
20180531KTSS0,20180531,KT,SS,0,목,대구
20180531LGLT0,20180531,LG,LT,0,목,사직
20180531NCHH0,20180531,NC,HH,0,목,대전
20180531SKOB0,20180531,SK,OB,0,목,잠실
20180531WOHT0,20180531,WO,HT,0,목,광주
20180601HHLT0,20180601,HH,LT,0,금,사직
20180601KTSK0,20180601,KT,SK,0,금,문학
20180601OBHT0,20180601,OB,HT,0,금,광주
20180601SSNC0,20180601,SS,NC,0,금,마산
20180601WOLG0,20180601,WO,LG,0,금,잠실
20180602HHLT0,20180602,HH,LT,0,토,사직
20180602KTSK0,20180602,KT,SK,0,토,문학
20180602OBHT0,20180602,OB,HT,0,토,광주
20180602SSNC0,20180602,SS,NC,0,토,마산
20180602WOLG0,20180602,WO,LG,0,토,잠실
20180603HHLT0,20180603,HH,LT,0,일,사직
20180603KTSK0,20180603,KT,SK,0,일,문학
20180603OBHT0,20180603,OB,HT,0,일,광주
20180603SSNC0,20180603,SS,NC,0,일,마산
20180603WOLG0,20180603,WO,LG,0,일,잠실
20180605HHLG0,20180605,HH,LG,0,화,잠실
20180605HTKT0,20180605,HT,KT,0,화,수원
20180605LTNC0,20180605,LT,NC,0,화,마산
20180605OBWO0,20180605,OB,WO,0,화,고척
20180605SSSK0,20180605,SS,SK,0,화,문학
20180606HHLG0,20180606,HH,LG,0,수,잠실
20180606HTKT0,20180606,HT,KT,0,수,수원
20180606LTNC0,20180606,LT,NC,0,수,마산
20180606OBWO0,20180606,OB,WO,0,수,고척
20180606SSSK0,20180606,SS,SK,0,수,문학
20180607HHLG0,20180607,HH,LG,0,목,잠실
20180607HTKT0,20180607,HT,KT,0,목,수원
20180607LTNC0,20180607,LT,NC,0,목,마산
20180607OBWO0,20180607,OB,WO,0,목,고척
20180607SSSK0,20180607,SS,SK,0,목,문학
20180608HTLT0,20180608,HT,LT,0,금,사직
20180608LGSS0,20180608,LG,SS,0,금,대구
20180608NCOB0,20180608,NC,OB,0,금,잠실
20180608SKHH0,20180608,SK,HH,0,금,대전
20180608WOKT0,20180608,WO,KT,0,금,수원
20180609HTLT0,20180609,HT,LT,0,토,사직
20180609LGSS0,20180609,LG,SS,0,토,대구
20180609NCOB0,20180609,NC,OB,0,토,잠실
20180609SKHH0,20180609,SK,HH,0,토,대전
20180609WOKT0,20180609,WO,KT,0,토,수원
20180610LGSS0,20180610,LG,SS,0,일,대구
20180610NCOB0,20180610,NC,OB,0,일,잠실
20180610SKHH0,20180610,SK,HH,0,일,대전
20180610WOKT0,20180610,WO,KT,0,일,수원
20180612HHWO0,20180612,HH,WO,0,화,고척
20180612KTOB0,20180612,KT,OB,0,화,잠실
20180612LGNC0,20180612,LG,NC,0,화,마산
20180612SKHT0,20180612,SK,HT,0,화,광주
20180612SSLT0,20180612,SS,LT,0,화,사직
20180613HHWO0,20180613,HH,WO,0,수,고척
20180613KTOB0,20180613,KT,OB,0,수,잠실
20180613LGNC0,20180613,LG,NC,0,수,마산
20180613SKHT0,20180613,SK,HT,0,수,광주
20180613SSLT0,20180613,SS,LT,0,수,사직
20180614HHWO0,20180614,HH,WO,0,목,고척
20180614KTOB0,20180614,KT,OB,0,목,잠실
20180614LGNC0,20180614,LG,NC,0,목,마산
20180614SKHT0,20180614,SK,HT,0,목,광주
20180614SSLT0,20180614,SS,LT,0,목,사직
20180615HTLG0,20180615,HT,LG,0,금,잠실
20180615KTNC0,20180615,KT,NC,0,금,마산
20180615LTSK0,20180615,LT,SK,0,금,문학
20180615OBHH0,20180615,OB,HH,0,금,대전
20180615SSWO0,20180615,SS,WO,0,금,고척
20180616HTLG0,20180616,HT,LG,0,토,잠실
20180616KTNC0,20180616,KT,NC,0,토,마산
20180616LTSK0,20180616,LT,SK,0,토,문학
20180616OBHH0,20180616,OB,HH,0,토,대전
20180616SSWO0,20180616,SS,WO,0,토,고척
20180617HTLG0,20180617,HT,LG,0,일,잠실
20180617KTNC0,20180617,KT,NC,0,일,마산
20180617LTSK0,20180617,LT,SK,0,일,문학
20180617OBHH0,20180617,OB,HH,0,일,대전
20180617SSWO0,20180617,SS,WO,0,일,고척
20180619LGHH0,20180619,LG,HH,0,화,청주
20180619LTKT0,20180619,LT,KT,0,화,수원
20180619SKSS0,20180619,SK,SS,0,화,대구
20180619WOOB0,20180619,WO,OB,0,화,잠실
20180620LGHH0,20180620,LG,HH,0,수,청주
20180620LTKT0,20180620,LT,KT,0,수,수원
20180620NCHT0,20180620,NC,HT,0,수,광주
20180620SKSS0,20180620,SK,SS,0,수,대구
20180620WOOB0,20180620,WO,OB,0,수,잠실
20180621LGHH0,20180621,LG,HH,0,목,청주
20180621LTKT0,20180621,LT,KT,0,목,수원
20180621NCHT0,20180621,NC,HT,0,목,광주
20180621SKSS0,20180621,SK,SS,0,목,대구
20180621WOOB0,20180621,WO,OB,0,목,잠실
20180622HHNC0,20180622,HH,NC,0,금,마산
20180622HTWO0,20180622,HT,WO,0,금,고척
20180622LTLG0,20180622,LT,LG,0,금,잠실
20180622OBSS0,20180622,OB,SS,0,금,대구
20180622SKKT0,20180622,SK,KT,0,금,수원
20180623HHNC0,20180623,HH,NC,0,토,마산
20180623HTWO0,20180623,HT,WO,0,토,고척
20180623LTLG0,20180623,LT,LG,0,토,잠실
20180623OBSS0,20180623,OB,SS,0,토,대구
20180623SKKT0,20180623,SK,KT,0,토,수원
20180624HHNC0,20180624,HH,NC,0,일,마산
20180624HTWO0,20180624,HT,WO,0,일,고척
20180624LTLG0,20180624,LT,LG,0,일,잠실
20180624OBSS0,20180624,OB,SS,0,일,대구
20180624SKKT0,20180624,SK,KT,0,일,수원
20180626OBNC0,20180626,OB,NC,0,화,마산
20180626SSHH0,20180626,SS,HH,0,화,대전
20180626WOLT0,20180626,WO,LT,0,화,사직
20180627HTSK0,20180627,HT,SK,0,수,문학
20180627KTLG0,20180627,KT,LG,0,수,잠실
20180627OBNC0,20180627,OB,NC,0,수,마산
20180627SSHH0,20180627,SS,HH,0,수,대전
20180627WOLT0,20180627,WO,LT,0,수,사직
20180628OBNC0,20180628,OB,NC,0,목,마산
20180628SSHH0,20180628,SS,HH,0,목,대전
20180628WOLT0,20180628,WO,LT,0,목,사직
20180629HTOB0,20180629,HT,OB,0,금,잠실
20180629LGSK0,20180629,LG,SK,0,금,문학
20180629LTHH0,20180629,LT,HH,0,금,대전
20180629NCKT0,20180629,NC,KT,0,금,수원
20180629WOSS0,20180629,WO,SS,0,금,대구
20180630HTOB0,20180630,HT,OB,0,토,잠실
20180630LGSK0,20180630,LG,SK,0,토,문학
20180630LTHH0,20180630,LT,HH,0,토,대전
20180630NCKT0,20180630,NC,KT,0,토,수원
20180701WOSS0,20180701,WO,SS,0,일,대구
20180703HHHT0,20180703,HH,HT,0,화,광주
20180703NCLG0,20180703,NC,LG,0,화,잠실
20180703SKWO0,20180703,SK,WO,0,화,고척
20180704HHHT0,20180704,HH,HT,0,수,광주
20180704NCLG0,20180704,NC,LG,0,수,잠실
20180704OBLT0,20180704,OB,LT,0,수,사직
20180704SKWO0,20180704,SK,WO,0,수,고척
20180704SSKT0,20180704,SS,KT,0,수,수원
20180705HHHT0,20180705,HH,HT,0,목,광주
20180705NCLG0,20180705,NC,LG,0,목,잠실
20180705OBLT0,20180705,OB,LT,0,목,사직
20180705SKWO0,20180705,SK,WO,0,목,고척
20180705SSKT0,20180705,SS,KT,0,목,수원
20180706HHSK0,20180706,HH,SK,0,금,문학
20180706KTLT0,20180706,KT,LT,0,금,사직
20180706LGHT0,20180706,LG,HT,0,금,광주
20180706NCWO0,20180706,NC,WO,0,금,고척
20180706SSOB0,20180706,SS,OB,0,금,잠실
20180707HHSK0,20180707,HH,SK,0,토,문학
20180707KTLT0,20180707,KT,LT,0,토,사직
20180707LGHT0,20180707,LG,HT,0,토,광주
20180707NCWO0,20180707,NC,WO,0,토,고척
20180707SSOB0,20180707,SS,OB,0,토,잠실
20180708HHSK0,20180708,HH,SK,0,일,문학
20180708KTLT0,20180708,KT,LT,0,일,사직
20180708LGHT0,20180708,LG,HT,0,일,광주
20180708NCWO0,20180708,NC,WO,0,일,고척
20180708SSOB0,20180708,SS,OB,0,일,잠실
20180710HTNC0,20180710,HT,NC,0,화,마산
20180710LTSS0,20180710,LT,SS,0,화,포항
20180710OBKT0,20180710,OB,KT,0,화,수원
20180710SKLG0,20180710,SK,LG,0,화,잠실
20180710WOHH0,20180710,WO,HH,0,화,대전
20180711HTNC0,20180711,HT,NC,0,수,마산
20180711LTSS0,20180711,LT,SS,0,수,포항
20180711OBKT0,20180711,OB,KT,0,수,수원
20180711SKLG0,20180711,SK,LG,0,수,잠실
20180711WOHH0,20180711,WO,HH,0,수,대전
20180712HTNC0,20180712,HT,NC,0,목,마산
20180712LTSS0,20180712,LT,SS,0,목,포항
20180712OBKT0,20180712,OB,KT,0,목,수원
20180712SKLG0,20180712,SK,LG,0,목,잠실
20180712WOHH0,20180712,WO,HH,0,목,대전
20180717HHKT0,20180717,HH,KT,0,화,수원
20180717LGWO0,20180717,LG,WO,0,화,고척
20180717LTOB0,20180717,LT,OB,0,화,잠실
20180717NCSK0,20180717,NC,SK,0,화,문학
20180717SSHT0,20180717,SS,HT,0,화,광주
20180718HHKT0,20180718,HH,KT,0,수,수원
20180718LGWO0,20180718,LG,WO,0,수,고척
20180718LTOB0,20180718,LT,OB,0,수,잠실
20180718NCSK0,20180718,NC,SK,0,수,문학
20180718SSHT0,20180718,SS,HT,0,수,광주
20180719HHKT0,20180719,HH,KT,0,목,수원
20180719LGWO0,20180719,LG,WO,0,목,고척
20180719LTOB0,20180719,LT,OB,0,목,잠실
20180719NCSK0,20180719,NC,SK,0,목,문학
20180719SSHT0,20180719,SS,HT,0,목,광주
20180720HHSS0,20180720,HH,SS,0,금,대구
20180720KTHT0,20180720,KT,HT,0,금,광주
20180720OBLG0,20180720,OB,LG,0,금,잠실
20180720SKLT0,20180720,SK,LT,0,금,사직
20180720WONC0,20180720,WO,NC,0,금,마산
20180721HHSS0,20180721,HH,SS,0,토,대구
20180721KTHT0,20180721,KT,HT,0,토,광주
20180721OBLG0,20180721,OB,LG,0,토,잠실
20180721SKLT0,20180721,SK,LT,0,토,사직
20180721WONC0,20180721,WO,NC,0,토,마산
20180722HHSS0,20180722,HH,SS,0,일,대구
20180722KTHT0,20180722,KT,HT,0,일,광주
20180722OBLG0,20180722,OB,LG,0,일,잠실
20180722SKLT0,20180722,SK,LT,0,일,사직
20180722WONC0,20180722,WO,NC,0,일,마산
20180724HTHH0,20180724,HT,HH,0,화,대전
20180724KTWO0,20180724,KT,WO,0,화,고척
20180724NCLT0,20180724,NC,LT,0,화,사직
20180724OBSK0,20180724,OB,SK,0,화,문학
20180724SSLG0,20180724,SS,LG,0,화,잠실
20180725HTHH0,20180725,HT,HH,0,수,대전
20180725KTWO0,20180725,KT,WO,0,수,고척
20180725NCLT0,20180725,NC,LT,0,수,사직
20180725OBSK0,20180725,OB,SK,0,수,문학
20180725SSLG0,20180725,SS,LG,0,수,잠실
20180726HTHH0,20180726,HT,HH,0,목,대전
20180726KTWO0,20180726,KT,WO,0,목,고척
20180726NCLT0,20180726,NC,LT,0,목,사직
20180726OBSK0,20180726,OB,SK,0,목,문학
20180726SSLG0,20180726,SS,LG,0,목,잠실
20180727HHOB0,20180727,HH,OB,0,금,잠실
20180727HTSS0,20180727,HT,SS,0,금,대구
20180727LGKT0,20180727,LG,KT,0,금,수원
20180727LTWO0,20180727,LT,WO,0,금,고척
20180727SKNC0,20180727,SK,NC,0,금,마산
20180728HHOB0,20180728,HH,OB,0,토,잠실
20180728HTSS0,20180728,HT,SS,0,토,대구
20180728LGKT0,20180728,LG,KT,0,토,수원
20180728LTWO0,20180728,LT,WO,0,토,고척
20180728SKNC0,20180728,SK,NC,0,토,마산
20180729HHOB0,20180729,HH,OB,0,일,잠실
20180729HTSS0,20180729,HT,SS,0,일,대구
20180729LGKT0,20180729,LG,KT,0,일,수원
20180729LTWO0,20180729,LT,WO,0,일,고척
20180729SKNC0,20180729,SK,NC,0,일,마산
20180731KTHH0,20180731,KT,HH,0,화,대전
20180731LGOB0,20180731,LG,OB,0,화,잠실
20180731LTHT0,20180731,LT,HT,0,화,광주
20180731NCSS0,20180731,NC,SS,0,화,대구
20180731WOSK0,20180731,WO,SK,0,화,문학
20180801KTHH0,20180801,KT,HH,0,수,대전
20180801LGOB0,20180801,LG,OB,0,수,잠실
20180801LTHT0,20180801,LT,HT,0,수,광주
20180801NCSS0,20180801,NC,SS,0,수,대구
20180801WOSK0,20180801,WO,SK,0,수,문학
20180802KTHH0,20180802,KT,HH,0,목,대전
20180802LGOB0,20180802,LG,OB,0,목,잠실
20180802LTHT0,20180802,LT,HT,0,목,광주
20180802NCSS0,20180802,NC,SS,0,목,대구
20180802WOSK0,20180802,WO,SK,0,목,문학
20180804NCHH0,20180804,NC,HH,0,토,대전
20180804OBHT0,20180804,OB,HT,0,토,광주
20180804SKLG0,20180804,SK,LG,0,토,잠실
20180804SSLT0,20180804,SS,LT,0,토,사직
20180804WOKT0,20180804,WO,KT,0,토,수원
20180805NCHH0,20180805,NC,HH,0,일,대전
20180805OBHT0,20180805,OB,HT,0,일,광주
20180805SKLG0,20180805,SK,LG,0,일,잠실
20180805SSLT0,20180805,SS,LT,0,일,사직
20180805WOKT0,20180805,WO,KT,0,일,수원
20180807HHOB0,20180807,HH,OB,0,화,잠실
20180807HTWO0,20180807,HT,WO,0,화,고척
20180807KTNC0,20180807,KT,NC,0,화,마산
20180807LGLT0,20180807,LG,LT,0,화,울산
20180807SSSK0,20180807,SS,SK,0,화,문학
20180808HHOB0,20180808,HH,OB,0,수,잠실
20180808HTWO0,20180808,HT,WO,0,수,고척
20180808KTNC0,20180808,KT,NC,0,수,마산
20180808LGLT0,20180808,LG,LT,0,수,울산
20180808SSSK0,20180808,SS,SK,0,수,문학
20180809LTHT0,20180809,LT,HT,0,목,광주
20180809OBKT0,20180809,OB,KT,0,목,수원
20180809SKNC0,20180809,SK,NC,0,목,마산
20180809SSLG0,20180809,SS,LG,0,목,잠실
20180809WOHH0,20180809,WO,HH,0,목,청주
20180810OBKT0,20180810,OB,KT,0,금,수원
20180810SKNC0,20180810,SK,NC,0,금,마산
20180810SSLG0,20180810,SS,LG,0,금,잠실
20180810WOHH0,20180810,WO,HH,0,금,청주
20180811HTSK0,20180811,HT,SK,0,토,문학
20180811KTHH0,20180811,KT,HH,0,토,대전
20180811LGWO0,20180811,LG,WO,0,토,고척
20180811LTOB0,20180811,LT,OB,0,토,잠실
20180811NCSS0,20180811,NC,SS,0,토,대구
20180812HTSK0,20180812,HT,SK,0,일,문학
20180812KTHH0,20180812,KT,HH,0,일,대전
20180812LGWO0,20180812,LG,WO,0,일,고척
20180812LTOB0,20180812,LT,OB,0,일,잠실
20180812NCSS0,20180812,NC,SS,0,일,대구
20180814HHLT0,20180814,HH,LT,0,화,사직
20180814LGHT0,20180814,LG,HT,0,화,광주
20180814NCKT0,20180814,NC,KT,0,화,수원
20180814SKOB0,20180814,SK,OB,0,화,잠실
20180814WOSS0,20180814,WO,SS,0,화,대구
20180815LGHT0,20180815,LG,HT,0,수,광주
20180815NCKT0,20180815,NC,KT,0,수,수원
20180815SKOB0,20180815,SK,OB,0,수,잠실
20180815WOSS0,20180815,WO,SS,0,수,대구
20180816HHSS0,20180816,HH,SS,0,목,대구
20180816HTLT0,20180816,HT,LT,0,목,사직
20180816LGSK0,20180816,LG,SK,0,목,문학
20180816NCKT0,20180816,NC,KT,0,목,수원
20180816WOOB0,20180816,WO,OB,0,목,잠실
20180904HTOB0,20180904,HT,OB,0,화,잠실
20180904LGKT0,20180904,LG,KT,0,화,수원
20180904LTHH0,20180904,LT,HH,0,화,대전
20180904SSNC0,20180904,SS,NC,0,화,마산
20180904WOSK0,20180904,WO,SK,0,화,문학
20180905HTOB0,20180905,HT,OB,0,수,잠실
20180905LGKT0,20180905,LG,KT,0,수,수원
20180905LTHH0,20180905,LT,HH,0,수,대전
20180905SSNC0,20180905,SS,NC,0,수,마산
20180905WOSK0,20180905,WO,SK,0,수,문학
20180906HHKT0,20180906,HH,KT,0,목,수원
20180906NCLG0,20180906,NC,LG,0,목,잠실
20180906OBSS0,20180906,OB,SS,0,목,대구
20180906SKLT0,20180906,SK,LT,0,목,울산
20180906WOHT0,20180906,WO,HT,0,목,광주
20180907HHKT0,20180907,HH,KT,0,금,수원
20180907NCLG0,20180907,NC,LG,0,금,잠실
20180907OBSS0,20180907,OB,SS,0,금,대구
20180907SKLT0,20180907,SK,LT,0,금,울산
20180907WOHT0,20180907,WO,HT,0,금,광주
20180908HHLG0,20180908,HH,LG,0,토,잠실
20180908KTWO0,20180908,KT,WO,0,토,고척
20180908LTNC0,20180908,LT,NC,0,토,마산
20180908OBSK0,20180908,OB,SK,0,토,문학
20180908SSHT0,20180908,SS,HT,0,토,광주
20180909HHLG0,20180909,HH,LG,0,일,잠실
20180909KTWO0,20180909,KT,WO,0,일,고척
20180909LTNC0,20180909,LT,NC,0,일,마산
20180909OBSK0,20180909,OB,SK,0,일,문학
20180909SSHT0,20180909,SS,HT,0,일,광주
20180911HHSS0,20180911,HH,SS,0,화,대구
20180911HTNC0,20180911,HT,NC,0,화,마산
20180911KTSK0,20180911,KT,SK,0,화,문학
20180911OBLT0,20180911,OB,LT,0,화,사직
20180911WOLG0,20180911,WO,LG,0,화,잠실
20180912HHSS0,20180912,HH,SS,0,수,대구
20180912HTNC0,20180912,HT,NC,0,수,마산
20180912KTSK0,20180912,KT,SK,0,수,문학
20180912OBLT0,20180912,OB,LT,0,수,사직
20180912WOLG0,20180912,WO,LG,0,수,잠실
20180913KTOB0,20180913,KT,OB,0,목,잠실
20180913LGSS0,20180913,LG,SS,0,목,대구
20180913SKHH0,20180913,SK,HH,0,목,청주
20180914HTLT0,20180914,HT,LT,0,금,사직
20180914KTOB0,20180914,KT,OB,0,금,잠실
20180914LGSS0,20180914,LG,SS,0,금,대구
20180914SKHH0,20180914,SK,HH,0,금,청주
20180914WONC0,20180914,WO,NC,0,금,마산
20180915LGHH0,20180915,LG,HH,0,토,대전
20180915NCOB0,20180915,NC,OB,0,토,잠실
20180915SKHT0,20180915,SK,HT,0,토,광주
20180915SSKT0,20180915,SS,KT,0,토,수원
20180915WOLT0,20180915,WO,LT,0,토,사직
20180916LGHH0,20180916,LG,HH,0,일,대전
20180916NCOB0,20180916,NC,OB,0,일,잠실
20180916SKHT0,20180916,SK,HT,0,일,광주
20180916SSKT0,20180916,SS,KT,0,일,수원
20180916WOLT0,20180916,WO,LT,0,일,사직
20180918HHNC0,20180918,HH,NC,0,화,마산
20180918HTSS0,20180918,HT,SS,0,화,대구
20180918LTLG0,20180918,LT,LG,0,화,잠실
20180918OBWO0,20180918,OB,WO,0,화,고척
20180918SKKT0,20180918,SK,KT,0,화,수원
20180919HHNC0,20180919,HH,NC,0,수,마산
20180919HTSS0,20180919,HT,SS,0,수,대구
20180919LTLG0,20180919,LT,LG,0,수,잠실
20180919OBWO0,20180919,OB,WO,0,수,고척
20180919SKKT0,20180919,SK,KT,0,수,수원
20180920HHSK0,20180920,HH,SK,0,목,문학
20180920KTLT0,20180920,KT,LT,0,목,사직
20180920NCHT0,20180920,NC,HT,0,목,광주
20180920OBLG0,20180920,OB,LG,0,목,잠실
20180920SSWO0,20180920,SS,WO,0,목,고척
20180921HHSK0,20180921,HH,SK,0,금,문학
20180921NCHT0,20180921,NC,HT,0,금,광주
20180921OBLG0,20180921,OB,LG,0,금,잠실
20180921SSWO0,20180921,SS,WO,0,금,고척
20180922HTHH0,20180922,HT,HH,0,토,대전
20180922KTLG0,20180922,KT,LG,0,토,잠실
20180922LTSS0,20180922,LT,SS,0,토,대구
20180922OBNC0,20180922,OB,NC,0,토,마산
20180922SKWO0,20180922,SK,WO,0,토,고척
20180923HTHH0,20180923,HT,HH,0,일,대전
20180923KTLG0,20180923,KT,LG,0,일,잠실
20180923LTSS0,20180923,LT,SS,0,일,대구
20180923OBNC0,20180923,OB,NC,0,일,마산
20180923SKWO0,20180923,SK,WO,0,일,고척
20180925HTKT0,20180925,HT,KT,0,화,수원
20180925LGSK0,20180925,LG,SK,0,화,문학
20180925NCLT0,20180925,NC,LT,0,화,사직
20180925SSHH0,20180925,SS,HH,0,화,대전
20180925WOOB0,20180925,WO,OB,0,화,잠실
20180926HTKT0,20180926,HT,KT,0,수,수원
20180926LGSK0,20180926,LG,SK,0,수,문학
20180926NCLT0,20180926,NC,LT,0,수,사직
20180926SSHH0,20180926,SS,HH,0,수,대전
20180926WOOB0,20180926,WO,OB,0,수,잠실
20180927HTLG0,20180927,HT,LG,0,목,잠실
20180927KTSS0,20180927,KT,SS,0,목,대구
20180927LTWO0,20180927,LT,WO,0,목,고척
20180927NCSK0,20180927,NC,SK,0,목,문학
20180927OBHH0,20180927,OB,HH,0,목,대전
20180928HTLG0,20180928,HT,LG,0,금,잠실
20180928KTSS0,20180928,KT,SS,0,금,대구
20180928LTWO0,20180928,LT,WO,0,금,고척
20180928NCSK0,20180928,NC,SK,0,금,문학
20180928OBHH0,20180928,OB,HH,0,금,대전
20180929HHHT0,20180929,HH,HT,0,토,광주
20180929LGOB0,20180929,LG,OB,0,토,잠실
20180929LTKT0,20180929,LT,KT,0,토,수원
20180929NCWO0,20180929,NC,WO,0,토,고척
20180929SKSS0,20180929,SK,SS,0,토,대구
20180930HHHT0,20180930,HH,HT,0,일,광주
20180930LGOB0,20180930,LG,OB,0,일,잠실
20180930LTKT0,20180930,LT,KT,0,일,수원
20180930NCWO0,20180930,NC,WO,0,일,고척
20180930SKSS0,20180930,SK,SS,0,일,대구
20181002KTLG0,20181002,KT,LG,0,화,잠실
20181002LTSK0,20181002,LT,SK,0,화,문학
20181002NCHT0,20181002,NC,HT,0,화,광주
20181003HTSS0,20181003,HT,SS,0,수,대구
20181003KTLG0,20181003,KT,LG,0,수,잠실
20181003LTHH0,20181003,LT,HH,0,수,대전
20181004HTSK0,20181004,HT,SK,0,목,문학
20181004LTHH0,20181004,LT,HH,0,목,대전
20181006HHLT0,20181006,HH,LT,0,토,사직
20181006HTSK1,20181006,HT,SK,1,토,문학
20181006HTSK2,20181006,HT,SK,2,토,문학
20181006LGOB0,20181006,LG,OB,0,토,잠실
20181006SSKT0,20181006,SS,KT,0,토,수원
20181006WONC0,20181006,WO,NC,0,토,마산
20181007HTOB0,20181007,HT,OB,0,일,잠실
20181007LTNC0,20181007,LT,NC,0,일,마산
20181009HHKT0,20181009,HH,KT,0,화,수원
20181009HTLT0,20181009,HT,LT,0,화,사직
20181009SSSK0,20181009,SS,SK,0,화,문학
20181010HHHT0,20181010,HH,HT,0,수,광주
20181010KTLT1,20181010,KT,LT,1,수,사직
20181010KTLT2,20181010,KT,LT,2,수,사직
20181010SKOB0,20181010,SK,OB,0,수,잠실
20181011LTHT0,20181011,LT,HT,0,목,광주
20181011SKOB0,20181011,SK,OB,0,목,잠실
20181012LTHT0,20181012,LT,HT,0,금,광주
20181012NCOB0,20181012,NC,OB,0,금,잠실
20181012WOKT0,20181012,WO,KT,0,금,수원
20181013KTOB0,20181013,KT,OB,0,토,잠실
20181013LGSK0,20181013,LG,SK,0,토,문학
20181013LTHT0,20181013,LT,HT,0,토,광주
20181013NCHH0,20181013,NC,HH,0,토,대전
20181013WOSS0,20181013,WO,SS,0,토,대구
20181014OBLT0,20181014,OB,LT,0,일,사직
